sample_id,K,解释模态,pred_class,pred_prob_at_pred,ΔP_topK,ΔP_random_mean,ΔP_差(重要-随机),预测翻转_topK,预测翻转率_random,Δ|强度|_topK,Δ|强度|_random
-UacrmKiTn4$_$7,3,文本,2,0.724517,0.013058,-0.000807,0.013865,0,0.0,0.019347,0.000783
-qDkUB0GgYY$_$5,3,文本,2,0.727811,-0.005992,0.001608,-0.0076,0,0.0,-0.009384,0.002706
0utROiKxejc$_$1,3,文本,2,0.619746,0.031799,0.001822,0.029978,0,0.0,0.027143,0.010934
0utROiKxejc$_$4,3,文本,0,0.929969,-0.006555,0.001925,-0.008481,0,0.0,-0.033671,0.006809
0y022OlZ3W0$_$3,3,文本,2,0.861284,0.029799,-0.007645,0.037444,0,0.0,0.062485,-0.023835
0y022OlZ3W0$_$5,3,文本,0,0.874637,0.028342,-0.007867,0.036209,0,0.0,0.077982,-0.026755
0y022OlZ3W0$_$8,3,文本,2,0.529678,-0.0063,-0.001192,-0.005108,0,0.0,-0.003368,-0.003822
101787$_$11,3,音频,1,0.487527,-0.01074,0.004848,-0.015588,0,0.0,-0.020683,0.000732
101787$_$13,3,文本,0,0.659724,0.270548,-0.02879,0.299338,0,0.0,0.338555,-0.039756
101787$_$1,3,文本,0,0.564911,-0.034986,0.008643,-0.043629,0,0.0,-0.059389,0.012256
101787$_$5,3,文本,0,0.884882,0.217282,-0.01538,0.232662,0,0.0,0.437634,-0.053417
101787$_$7,3,文本,2,0.798942,0.304749,-0.064932,0.36968,0,0.0,0.452985,-0.172616
101787$_$9,3,音频,1,0.498812,0.024436,0.005395,0.019041,0,0.0,0.04713,0.004012
102408$_$2,3,文本,1,0.431506,0.046715,-0.032302,0.079017,0,0.0,0.010458,-0.060679
102408$_$5,3,音频,2,0.699937,-0.015503,0.00833,-0.023833,0,0.0,-0.049897,0.024623
102408$_$9,3,文本,0,0.82273,0.027967,0.001449,0.026517,0,0.0,0.072006,-0.002946
102858$_$20,3,文本,0,0.464844,0.149109,-0.029352,0.178461,1,0.0,0.096651,-0.036678
102858$_$21,3,文本,0,0.511636,-0.065747,0.00811,-0.073857,0,0.0,-0.135929,0.00795
102858$_$1,3,音频,1,0.492093,0.021672,-0.004044,0.025715,0,0.0,-0.050757,0.011173
102858$_$0,3,文本,2,0.656013,0.220282,-0.041164,0.261447,1,0.0,0.18009,-0.027251
102858$_$4,3,文本,2,0.750476,-0.007618,0.001691,-0.009309,0,0.0,-0.016933,0.003966
102858$_$6,3,音频,1,0.393206,0.024185,0.006212,0.017972,1,1.0,-0.088322,-0.022389
102858$_$10,3,文本,2,0.864973,0.100199,-0.01969,0.11989,0,0.0,0.238918,-0.079559
102858$_$17,3,音频,1,0.52096,0.018017,0.083036,-0.065018,0,0.0,-0.059049,-0.147016
102858$_$19,3,视觉,1,0.439046,0.003621,-0.008341,0.011962,0,0.0,0.006822,0.005113
112433$_$3,3,音频,0,0.426092,-0.009815,0.028412,-0.038227,0,1.0,-0.008041,0.035698
112433$_$7,3,文本,0,0.487943,0.138669,-0.031319,0.169987,1,0.0,0.118573,-0.030072
112433$_$6,3,文本,0,0.798464,0.101486,-0.005798,0.107284,0,0.0,0.184002,-0.018217
117tQqLjza4$_$6,3,文本,2,0.669435,0.028745,0.0008,0.027945,0,0.0,0.05571,0.001427
11j7EfglCAs$_$2,3,文本,2,0.624238,-0.015751,-0.004002,-0.011749,0,0.0,-0.027772,-0.010322
121128$_$10,3,文本,2,0.692546,0.035726,-0.001762,0.037488,0,0.0,0.067103,-0.008302
121128$_$1,3,文本,1,0.552481,0.007842,-0.001671,0.009513,0,0.0,0.014442,-0.000612
121128$_$0,3,文本,1,0.577085,-0.044454,0.025389,-0.069843,0,0.0,0.112107,-0.050125
121128$_$5,3,文本,2,0.771753,0.248166,-0.106589,0.354755,0,0.0,0.479571,-0.306829
125344$_$0,3,文本,0,0.450814,0.036546,-0.015794,0.05234,1,1.0,-0.047487,0.024949
125676$_$0,3,文本,2,0.777522,0.069095,0.000416,0.068678,0,0.0,0.1316,-0.008723
125676$_$4,3,文本,2,0.964196,-0.00404,0.000913,-0.004953,0,0.0,-0.021123,0.006047
128059$_$11,3,文本,0,0.941734,0.038489,0.000356,0.038132,0,0.0,0.196744,-0.003846
128059$_$12,3,音频,1,0.400847,0.003021,0.021103,-0.018081,0,1.0,0.034233,0.066486
128059$_$2,3,文本,0,0.539816,0.044765,-0.013635,0.0584,0,0.0,-0.017608,-0.000197
128059$_$7,3,文本,0,0.465482,0.020587,-0.006562,0.027149,0,0.0,0.026984,-0.011899
128059$_$6,3,文本,0,0.713083,0.04092,0.005482,0.035438,0,0.0,0.07292,0.015894
128059$_$9,3,文本,0,0.805645,0.097452,-0.01325,0.110702,0,0.0,0.217897,-0.034618
128763$_$12,3,文本,2,0.468503,-0.032577,-0.015427,-0.01715,0,0.0,-0.038461,-0.030123
128763$_$3,3,文本,0,0.974292,0.016864,-0.002017,0.018882,0,0.0,0.172565,-0.029535
128763$_$2,3,文本,1,0.540587,-0.035406,0.011287,-0.046693,0,0.0,0.093765,-0.017506
128763$_$5,3,文本,1,0.554697,0.01495,-0.004174,0.019124,0,0.0,-0.024961,-0.00063
128763$_$7,3,文本,0,0.872074,0.016999,-0.002857,0.019856,0,0.0,0.033586,-0.018262
128763$_$8,3,文本,0,0.660558,0.098591,0.002342,0.096248,0,0.0,0.065838,0.028069
130456$_$11,3,文本,0,0.900602,0.011012,0.000174,0.010837,0,0.0,0.028341,0.006715
130456$_$3,3,文本,2,0.892939,0.027212,-0.006761,0.033973,0,0.0,0.075868,-0.023133
130456$_$5,3,文本,0,0.63696,0.148212,-0.016824,0.165036,0,0.0,0.116657,-0.016652
130456$_$4,3,音频,1,0.480576,0.00326,0.00197,0.00129,0,0.0,0.008219,0.003412
130456$_$7,3,文本,0,0.606853,0.132927,0.001852,0.131075,0,0.0,0.2222,-0.063304
130456$_$6,3,文本,0,0.716049,0.109187,-0.007431,0.116618,0,0.0,0.159983,-0.011425
188343$_$13,3,文本,0,0.73339,-0.090311,0.005043,-0.095354,0,0.0,-0.268181,0.014032
188343$_$12,3,文本,0,0.990283,0.002291,-0.000554,0.002845,0,0.0,0.070936,-0.019278
188343$_$5,3,文本,0,0.691071,-0.029005,0.009649,-0.038654,0,0.0,-0.046199,0.016567
188343$_$9,3,文本,0,0.556578,0.032408,-0.000181,0.032589,0,0.0,0.033191,-0.000801
188343$_$8,3,文本,0,0.965062,0.023849,-0.000469,0.024318,0,0.0,0.21175,-0.006453
1HK7Nea0PFo$_$1,3,文本,0,0.749233,0.028712,0.002448,0.026263,0,0.0,0.064053,-0.00156
216097$_$1,3,文本,0,0.865777,0.066253,-0.003637,0.069889,0,0.0,0.156915,-0.011453
216097$_$2,3,文本,1,0.496137,0.016784,-0.00243,0.019213,0,0.0,-0.055466,0.001129
216097$_$5,3,文本,2,0.503972,-0.0217,0.007178,-0.028878,0,0.0,-0.019758,0.010452
216097$_$4,3,文本,0,0.850437,0.043361,-0.002939,0.0463,0,0.0,0.110872,-0.008851
216097$_$7,3,文本,2,0.801345,0.018164,0.003554,0.01461,0,0.0,0.025973,0.007692
216097$_$8,3,文本,0,0.954586,0.14813,-0.010966,0.159097,0,0.0,0.550958,-0.106641
223431$_$11,3,文本,0,0.834049,0.01991,0.005846,0.014064,0,0.0,0.041923,0.006505
223431$_$10,3,文本,2,0.599288,0.062157,-0.009883,0.07204,0,0.0,0.087241,-0.02046
223431$_$13,3,文本,0,0.929716,0.052344,-0.001251,0.053595,0,0.0,0.210449,-0.003393
223431$_$5,3,音频,1,0.490296,-0.005782,-0.004976,-0.000806,0,0.0,0.028094,-0.055083
225770$_$3,3,文本,0,0.558551,0.078806,-0.004028,0.082834,0,0.0,0.121961,-0.008186
225770$_$4,3,文本,1,0.600908,-0.007188,0.001168,-0.008357,0,0.0,-0.004807,0.002268
225770$_$6,3,音频,1,0.40701,-0.00824,0.003661,-0.011901,0,1.0,-0.01635,-0.009501
236021$_$12,3,视觉,2,0.818838,0.005677,-0.000851,0.006528,0,0.0,0.04788,-0.03683
236021$_$1,3,文本,1,0.551693,0.00882,0.000569,0.00825,0,0.0,-0.010747,0.013474
236021$_$3,3,文本,0,0.906407,0.036524,0.014327,0.022197,0,0.0,0.132766,0.061369
236021$_$2,3,文本,2,0.606453,-0.049603,0.010212,-0.059814,0,0.0,-0.096017,0.017406
236021$_$5,3,文本,0,0.422669,-0.065074,0.009319,-0.074393,0,0.0,-0.163711,0.025312
236021$_$4,3,文本,0,0.835447,0.062393,0.001391,0.061002,0,0.0,0.144141,0.004769
237009$_$11,3,文本,0,0.455927,0.042291,-0.008223,0.050514,1,1.0,0.036179,-0.008503
237009$_$12,3,文本,0,0.923687,0.030517,0.00321,0.027307,0,0.0,0.142635,0.016714
237009$_$4,3,音频,2,0.536111,0.130785,-0.107213,0.237998,1,0.0,0.241107,-0.220549
237009$_$7,3,文本,0,0.963417,0.03206,-0.004078,0.036138,0,0.0,0.233755,-0.077028
237009$_$9,3,文本,0,0.803526,0.161595,-0.029699,0.191294,0,0.0,0.279068,-0.069921
241629$_$10,3,文本,0,0.746528,-0.141621,0.025761,-0.167382,0,0.0,-0.379312,0.041242
241629$_$0,3,文本,2,0.863117,0.04719,0.002935,0.044255,0,0.0,0.113606,-0.01108
241629$_$3,3,文本,0,0.532068,0.085775,-0.005352,0.091127,0,0.0,-0.0895,0.001051
241629$_$5,3,文本,0,0.50502,0.030123,-0.00626,0.036382,0,0.0,0.009949,-0.009555
241629$_$8,3,文本,0,0.96441,0.004802,-0.000243,0.005045,0,0.0,0.040271,-0.003231
243646$_$11,3,文本,0,0.93175,0.048047,-0.004396,0.052443,0,0.0,0.207677,-0.02557
243646$_$12,3,文本,0,0.862578,0.017562,-0.002339,0.019901,0,0.0,0.059861,-0.00654
243646$_$8,3,文本,1,0.556405,0.016139,-0.000887,0.017026,0,0.0,-0.019057,-0.004171
247318$_$12,3,文本,0,0.959691,0.081579,-0.007711,0.08929,0,0.0,0.398857,-0.083349
247318$_$1,3,视觉,1,0.483961,-0.004699,0.018788,-0.023487,0,1.0,-0.010141,-0.017116
247318$_$3,3,文本,1,0.530436,-0.001552,3.3e-05,-0.001585,0,0.0,0.096222,-0.06967
247318$_$2,3,视觉,1,0.41691,-0.014324,0.006196,-0.02052,0,0.0,-0.026035,0.008101
247318$_$5,3,音频,1,0.344669,0.024161,0.011892,0.01227,1,1.0,0.031636,0.012279
247318$_$7,3,文本,0,0.969571,0.02175,0.007896,0.013854,0,0.0,0.128362,0.12132
247318$_$6,3,文本,1,0.564766,0.010968,-0.025424,0.036392,0,0.0,0.036329,0.005865
252998$_$1,3,文本,1,0.53704,-0.016599,-0.00349,-0.013109,0,0.0,0.009678,-0.002772
252998$_$0,3,文本,1,0.487922,0.011609,-1.9e-05,0.011628,0,0.0,0.038168,0.005611
252998$_$5,3,文本,0,0.994464,0.003234,-0.000315,0.003549,0,0.0,0.178195,-0.021761
252998$_$4,3,文本,0,0.843792,0.049957,-0.004716,0.054673,0,0.0,0.12307,-0.016666
252998$_$7,3,文本,0,0.758713,0.034505,-0.001658,0.036164,0,0.0,0.04006,-0.007109
252998$_$8,3,文本,1,0.534526,-0.011451,0.000314,-0.011765,0,0.0,0.032512,-0.001491
257247$_$10,3,文本,0,0.631554,0.170859,-0.057079,0.227938,0,0.0,0.218134,-0.117934
257247$_$12,3,文本,0,0.92745,0.084491,-0.013558,0.098049,0,0.0,0.307007,-0.096466
257247$_$2,3,视觉,1,0.57232,-0.011891,0.010662,-0.022553,0,0.0,0.024526,-0.0278
258654$_$1,3,文本,0,0.880299,0.021042,0.002783,0.018259,0,0.0,0.049341,0.011361
258654$_$3,3,文本,0,0.864438,0.051621,-0.003862,0.055482,0,0.0,0.147801,-0.012955
258654$_$4,3,文本,1,0.550679,0.015777,-0.005189,0.020967,0,0.0,-0.022402,0.015444
266791$_$24,3,文本,0,0.940598,0.068261,-0.006807,0.075068,0,0.0,0.298303,-0.047995
266791$_$20,3,文本,0,0.49285,0.017854,-0.000678,0.018532,0,0.0,0.020364,-0.004177
266791$_$21,3,文本,0,0.935407,0.00512,-0.00163,0.00675,0,0.0,0.0304,-0.011529
266791$_$23,3,文本,2,0.553395,-0.020544,-0.003467,-0.017076,0,0.0,-0.029892,-0.007411
266791$_$29,3,文本,1,0.553943,0.057987,-0.003099,0.061086,0,0.0,-0.243378,-0.092155
266791$_$3,3,文本,0,0.488564,0.079166,-0.014848,0.094014,1,0.0,0.119811,-0.025123
266791$_$5,3,文本,0,0.864969,0.09287,-0.011429,0.104299,0,0.0,0.228942,-0.040131
266791$_$4,3,文本,0,0.745321,0.314436,-0.049199,0.363634,1,0.0,0.446649,-0.101341
266791$_$6,3,文本,1,0.578758,0.015285,0.001249,0.014035,0,0.0,-0.034345,0.008959
266791$_$8,3,文本,0,0.586522,0.107951,-0.010486,0.118437,0,0.0,0.120445,-0.007618
266791$_$11,3,文本,0,0.543323,-0.003015,0.013888,-0.016903,0,0.0,-0.076327,0.048173
266791$_$14,3,文本,0,0.552789,0.022855,-0.003284,0.026139,0,0.0,0.004695,-0.006157
270254$_$23,3,文本,0,0.511833,0.087321,-0.008919,0.096239,0,0.0,0.054709,-0.005613
270254$_$0,3,文本,2,0.643414,0.036904,0.004184,0.032719,0,0.0,0.090849,-0.006681
270254$_$6,3,文本,0,0.427364,0.113954,-0.02159,0.135544,1,0.0,0.1153,-0.024845
270254$_$8,3,文本,0,0.964966,0.037814,-0.000971,0.038785,0,0.0,0.294596,-0.011507
270254$_$11,3,文本,2,0.778109,0.025239,0.013091,0.012148,0,0.0,-0.014249,0.069051
270254$_$14,3,文本,1,0.440989,0.018576,-0.003743,0.02232,0,0.0,-0.005619,-0.009546
270254$_$16,3,文本,0,0.571159,0.043254,-0.018764,0.062017,0,0.0,0.015617,-0.033352
272624$_$10,3,文本,0,0.671324,0.047814,-0.009715,0.05753,0,0.0,0.075169,-0.017334
272624$_$13,3,文本,2,0.791464,0.068779,-0.000832,0.069611,0,0.0,0.134297,-0.007826
272624$_$12,3,音频,1,0.409387,-0.000376,-0.00148,0.001105,0,0.0,0.061212,-0.010647
272624$_$16,3,文本,0,0.536251,0.031187,0.008103,0.023084,0,0.0,0.020998,0.016087
272624$_$18,3,音频,1,0.473995,-0.00468,0.005081,-0.009762,0,0.0,-0.00522,-0.014744
272624$_$2,3,视觉,1,0.619708,0.008362,0.001122,0.00724,0,0.0,-0.013896,0.000428
272624$_$6,3,音频,1,0.481074,-0.003038,-0.004608,0.00157,0,0.0,-0.011876,0.022192
272624$_$9,3,音频,2,0.500914,0.034614,0.011108,0.023506,0,0.0,0.06788,0.016155
272624$_$8,3,文本,0,0.796174,0.096019,-0.002091,0.09811,0,0.0,0.173448,-0.012695
273539$_$3,3,文本,0,0.940785,-0.006507,-0.003807,-0.002701,0,0.0,-0.070341,-0.03998
273539$_$2,3,文本,1,0.524731,-0.039245,0.008966,-0.048211,0,0.0,0.011293,-0.032482
273539$_$9,3,文本,0,0.83847,0.024302,0.000858,0.023445,0,0.0,0.053704,0.005355
290546$_$3,3,文本,0,0.456038,0.060815,-0.006357,0.067172,0,0.0,0.070621,-0.010159
290546$_$5,3,文本,0,0.895494,0.044671,-0.004866,0.049536,0,0.0,0.155519,-0.026077
290546$_$7,3,文本,0,0.546464,0.02283,0.006113,0.016717,0,0.0,0.017997,0.012237
290546$_$6,3,视觉,1,0.416221,0.077877,-0.013322,0.091199,1,0.0,0.008772,-0.019995
2S00zYaVrtc$_$10,3,文本,0,0.547718,0.012324,-0.020262,0.032586,0,0.0,-0.036669,-0.030094
2S00zYaVrtc$_$12,3,文本,2,0.880797,0.057351,-0.010684,0.068035,0,0.0,0.133521,-0.032073
2S00zYaVrtc$_$20,3,文本,2,0.945929,-0.00745,0.003351,-0.010801,0,0.0,-0.070298,0.018636
2S00zYaVrtc$_$17,3,文本,2,0.714265,0.03193,-0.000278,0.032208,0,0.0,0.019673,-0.001031
2S00zYaVrtc$_$5,3,文本,2,0.974238,0.00767,-0.001616,0.009285,0,0.0,0.094948,-0.027866
2S00zYaVrtc$_$4,3,文本,2,0.840998,0.025324,0.006423,0.018902,0,0.0,0.058162,0.012209
2Xt31_d0XEE$_$2,3,文本,2,0.98256,-0.001254,0.000134,-0.001388,0,0.0,-0.000542,0.000253
31474$_$14,3,文本,2,0.619664,0.03322,-0.000808,0.034028,0,0.0,0.049311,-0.00376
31474$_$0,3,文本,2,0.644588,0.103157,-0.01753,0.120688,0,0.0,0.146802,-0.031656
31474$_$3,3,音频,1,0.509834,0.000521,0.0034,-0.002879,0,0.0,-0.00148,-0.024375
31474$_$6,3,文本,0,0.996206,0.004729,-0.000508,0.005237,0,0.0,0.336648,-0.065894
31474$_$9,3,文本,0,0.723808,0.160234,-0.074442,0.234676,0,0.0,0.119884,-0.081788
31474$_$8,3,文本,0,0.777679,0.300075,-0.060724,0.360799,0,0.0,0.35934,-0.100772
32681$_$1,3,文本,0,0.750492,0.227855,-0.021922,0.249776,0,0.0,0.411269,-0.0769
32681$_$3,3,文本,0,0.978093,0.011265,-0.000687,0.011952,0,0.0,0.142482,-0.012896
32681$_$5,3,文本,0,0.984737,-0.00481,0.000557,-0.005367,0,0.0,-0.170463,0.021522
32681$_$6,3,文本,0,0.917643,0.053671,-0.003507,0.057178,0,0.0,0.176989,-0.011447
33170$_$1,3,文本,0,0.483692,0.031875,0.006326,0.02555,0,0.0,0.04537,0.009976
33170$_$3,3,文本,0,0.605195,-0.053169,0.00934,-0.062509,0,1.0,-0.097155,-0.003081
33170$_$4,3,文本,0,0.898165,0.023973,0.005149,0.018824,0,0.0,0.064791,0.020485
3MFNIag0wNE$_$12,3,文本,0,0.69027,0.032351,0.006384,0.025967,0,0.0,0.041919,0.007326
3MFNIag0wNE$_$14,3,文本,0,0.948546,0.037901,-0.002066,0.039967,0,0.0,0.203053,-0.011688
3MFNIag0wNE$_$16,3,文本,2,0.521744,0.043851,-0.005719,0.04957,0,0.0,0.067746,-0.010547
3MFNIag0wNE$_$7,3,文本,2,0.503789,0.112238,-0.010614,0.122852,0,0.0,0.045618,-0.016279
3V2qm0rw920$_$11,3,文本,2,0.800985,0.023013,-0.002632,0.025645,0,0.0,0.035748,-0.003768
3V2qm0rw920$_$13,3,文本,2,0.9905,-0.001009,0.000721,-0.00173,0,0.0,-0.048712,0.0284
3V2qm0rw920$_$3,3,文本,2,0.627374,0.087681,-0.006215,0.093896,0,0.0,0.101982,-0.002353
3j94B0pzSVs$_$12,3,文本,2,0.83094,-0.024205,0.024816,-0.04902,0,0.0,-0.104384,0.061434
3j94B0pzSVs$_$17,3,文本,0,0.650554,0.05454,-0.005154,0.059694,0,0.0,0.075287,-0.010539
3j94B0pzSVs$_$1,3,文本,2,0.619811,0.077018,-0.00658,0.083597,0,0.0,0.104082,-0.009386
3j94B0pzSVs$_$0,3,音频,1,0.491094,-0.00914,0.001644,-0.010784,0,0.0,0.01286,-0.0012
4cFeG2ydm9A$_$8,3,文本,2,0.871019,0.018613,-0.001471,0.020084,0,0.0,0.035805,-0.000149
4dV3slGSc60$_$10,3,文本,2,0.911099,-0.009604,-0.000688,-0.008916,0,0.0,-0.03398,-0.003065
4dV3slGSc60$_$12,3,文本,2,0.808627,-0.014455,0.00015,-0.014605,0,0.0,-0.020527,0.003889
4dV3slGSc60$_$22,3,文本,2,0.688696,0.046754,-0.007494,0.054249,0,0.0,0.076288,-0.011162
4dV3slGSc60$_$9,3,文本,2,0.791065,0.036908,-0.001749,0.038656,0,0.0,0.072476,-0.007503
4dV3slGSc60$_$8,3,文本,2,0.92262,0.027605,-0.002136,0.02974,0,0.0,0.119096,-0.009323
50103$_$3,3,文本,0,0.987746,0.002801,-0.000489,0.00329,0,0.0,0.071197,-0.018514
5B0PQx3Ep3k$_$5,3,文本,2,0.895872,0.013429,0.000843,0.012586,0,0.0,0.036518,-0.001034
5O1W39o56gg$_$1,3,文本,2,0.624834,0.033173,-0.007765,0.040938,0,0.0,0.054931,-0.01105
5O1W39o56gg$_$2,3,文本,2,0.478245,0.061806,-0.014603,0.076409,1,0.0,0.074485,-0.015698
5O1W39o56gg$_$9,3,文本,2,0.897801,0.036358,-0.006003,0.042362,0,0.0,0.125705,-0.031607
5i6AgQSjXO4$_$3,3,文本,2,0.785363,0.013199,-0.003725,0.016924,0,0.0,0.026924,-0.012442
5i6AgQSjXO4$_$2,3,文本,2,0.869912,0.002395,-0.004128,0.006523,0,0.0,-0.012327,-0.00933
5i6AgQSjXO4$_$6,3,文本,1,0.559615,0.008663,-0.003992,0.012655,0,0.0,-0.022171,-0.012028
5kaCGzjYukM$_$0,3,文本,2,0.41191,0.029933,-0.007894,0.037827,1,1.0,0.041108,-0.007558
5kaCGzjYukM$_$3,3,视觉,0,0.43214,0.013049,-0.006634,0.019682,0,0.0,0.015324,-0.009126
5kaCGzjYukM$_$2,3,文本,0,0.821564,0.018434,0.010536,0.007898,0,0.0,0.021572,0.02831
5kaCGzjYukM$_$5,3,文本,0,0.916592,0.016618,-0.001214,0.017833,0,0.0,0.090736,-0.010165
5kaCGzjYukM$_$7,3,文本,2,0.720446,0.067237,-0.000371,0.067608,0,0.0,0.111052,-0.000659
6KvG5VbLalY$_$9,3,文本,2,0.649884,0.028027,-0.003254,0.031281,0,0.0,0.037683,-0.007314
6ZA8I83x-oY$_$0,3,视觉,1,0.433311,-0.025493,-0.002498,-0.022995,0,1.0,0.052297,0.003583
6ZA8I83x-oY$_$2,3,文本,2,0.843837,0.044215,-0.000393,0.044608,0,0.0,0.10461,-0.001135
6hFiTU77Sm0$_$1,3,文本,2,0.563072,0.10344,-0.024346,0.127786,0,0.0,0.139919,-0.037068
6hFiTU77Sm0$_$2,3,音频,2,0.539699,-0.043416,-0.01637,-0.027045,0,0.0,-0.064611,-0.029247
6uPGcKTpC4I$_$1,3,文本,2,0.762588,0.031914,-0.008445,0.040359,0,0.0,0.060012,-0.015976
6uPGcKTpC4I$_$2,3,文本,2,0.873346,0.008722,-0.002362,0.011084,0,0.0,0.029021,-0.007171
6uPGcKTpC4I$_$6,3,文本,2,0.793345,-0.025573,0.010848,-0.036421,0,0.0,-0.040725,0.018705
70280$_$11,3,文本,0,0.890256,0.077288,-0.001167,0.078455,0,0.0,0.222575,-0.008123
70280$_$3,3,文本,0,0.521928,0.155249,-0.024772,0.180021,1,0.0,0.199391,-0.035027
70280$_$4,3,音频,2,0.508546,0.042624,-0.034301,0.076925,0,0.0,0.07783,-0.072896
70280$_$6,3,文本,0,0.787574,0.186561,-0.012588,0.19915,0,0.0,0.335755,-0.039162
75RGHaxmUK8$_$3,3,文本,2,0.716845,0.055586,-0.012457,0.068043,0,0.0,0.052101,-0.016786
75RGHaxmUK8$_$5,3,文本,1,0.625951,-0.003548,0.001114,-0.004662,0,0.0,-0.01586,-0.002041
7_K3F-lAv1k$_$2,3,文本,2,0.686461,0.113931,-0.012054,0.125985,0,0.0,0.149675,-0.01598
7r4vRxKLFCA$_$6,3,文本,2,0.86584,0.048607,-0.005911,0.054518,0,0.0,0.1159,-0.016588
80566$_$1,3,文本,2,0.5464,0.057607,-0.015032,0.072639,0,0.0,0.047132,-0.00857
80566$_$0,3,音频,1,0.473631,0.001687,0.003065,-0.001378,0,1.0,0.022663,-0.026146
80566$_$3,3,文本,2,0.518624,0.024883,0.001262,0.023621,0,0.0,0.034431,-0.00179
80566$_$2,3,文本,2,0.650105,-0.024577,-0.009224,-0.015354,0,0.0,-0.027707,-0.019612
80566$_$4,3,文本,2,0.796383,0.058051,-0.028871,0.086921,0,0.0,0.053285,-0.017125
80566$_$6,3,文本,0,0.847254,0.035349,-0.001883,0.037231,0,0.0,0.104813,-0.01208
80855$_$11,3,文本,1,0.587604,-0.011803,0.003468,-0.015271,0,0.0,0.057433,-0.018732
80855$_$10,3,文本,1,0.624102,-0.009085,0.001344,-0.010428,0,0.0,-0.004285,-0.008321
80855$_$12,3,文本,0,0.800068,0.02094,-0.001331,0.022271,0,0.0,0.059686,-0.007582
80855$_$15,3,文本,2,0.613693,0.107021,-0.000741,0.107762,0,0.0,0.163224,-0.007347
80855$_$17,3,文本,0,0.880571,0.043232,-0.004437,0.047669,0,0.0,0.111093,-0.018626
80855$_$3,3,文本,2,0.540187,0.044225,0.031662,0.012563,0,0.0,0.013514,0.066171
80855$_$2,3,文本,1,0.471653,-0.027199,0.001402,-0.028601,0,0.0,0.052308,0.020115
80855$_$20,3,音频,1,0.412412,0.000794,0.002911,-0.002117,0,0.0,0.001887,-0.007233
830KzUc6CbU$_$0,3,文本,1,0.556122,0.006839,0.000742,0.006097,0,0.0,0.004905,-0.016681
830KzUc6CbU$_$13,3,文本,0,0.63272,0.020881,0.004883,0.015998,0,0.0,0.022504,0.006997
84140$_$0,3,文本,2,0.65499,0.016079,-0.004214,0.020292,0,0.0,0.013281,-0.012197
84140$_$5,3,文本,0,0.809686,0.06927,-0.00895,0.078221,0,0.0,0.137561,-0.020828
89835$_$1,3,文本,2,0.59627,0.029963,0.000239,0.029724,0,0.0,0.049737,-0.000455
89835$_$0,3,文本,2,0.761806,0.042017,-0.005687,0.047703,0,0.0,0.096666,-0.01609
89835$_$4,3,文本,0,0.626844,0.028845,0.005541,0.023304,0,0.0,0.033562,0.012158
89835$_$7,3,文本,0,0.978635,0.018983,-0.000796,0.01978,0,0.0,0.247201,-0.013049
8eaYvALnJ0o$_$1,3,文本,2,0.942935,0.039837,-0.003764,0.043601,0,0.0,0.196983,-0.02537
8eaYvALnJ0o$_$0,3,文本,2,0.976786,0.00637,0.001234,0.005136,0,0.0,0.078814,0.015101
8x_nCOh6Wmc$_$6,3,文本,2,0.685031,0.09481,-0.003744,0.098554,0,0.0,0.137651,-0.00582
96642$_$1,3,文本,0,0.624396,-0.01889,-0.017264,-0.001626,0,0.0,-0.06344,-0.030741
96642$_$3,3,文本,2,0.574214,0.063702,-0.003777,0.067479,0,0.0,0.101546,-0.010101
96642$_$2,3,文本,1,0.600715,0.044063,-0.004247,0.048309,0,0.0,-0.031905,0.009865
96642$_$4,3,文本,0,0.980029,-0.002462,0.000153,-0.002614,0,0.0,-0.045966,-0.007131
99501$_$10,3,文本,0,0.408812,-0.050158,0.000435,-0.050593,0,1.0,-0.095153,0.004881
99501$_$13,3,文本,0,0.870336,0.067574,-0.001467,0.069041,0,0.0,0.166807,-0.001019
99501$_$1,3,文本,2,0.57818,0.128172,-0.02475,0.152922,1,0.0,0.172154,-0.031222
99501$_$5,3,文本,0,0.830903,-0.009921,0.00335,-0.01327,0,0.0,-0.033451,0.011325
99501$_$7,3,文本,2,0.70857,0.050038,-0.005261,0.055298,0,0.0,0.058346,-0.009406
9QI-9w_VdB4$_$0,3,文本,2,0.685724,0.030849,-0.003976,0.034825,0,0.0,0.040527,-0.007072
AG5EY8ZaFj4$_$3,3,文本,2,0.802628,-0.007633,0.003137,-0.010769,0,0.0,-0.043221,0.010639
AG5EY8ZaFj4$_$15,3,文本,2,0.587746,0.01393,-0.001411,0.015341,0,0.0,0.016801,0.001565
Arh2TKRi_mg$_$15,3,文本,2,0.941456,-0.006735,0.00319,-0.009925,0,0.0,-0.050824,0.020396
Arh2TKRi_mg$_$14,3,文本,2,0.867111,0.048628,-0.001867,0.050495,0,0.0,0.116702,-0.006927
Arh2TKRi_mg$_$16,3,文本,2,0.708869,0.042459,-0.009726,0.052185,0,0.0,0.06632,-0.0158
Arh2TKRi_mg$_$19,3,文本,2,0.67562,0.077224,-0.013084,0.090308,0,0.0,0.110516,-0.017259
Arh2TKRi_mg$_$32,3,文本,2,0.984521,0.008502,-0.000352,0.008854,0,0.0,0.155769,-0.012685
Arh2TKRi_mg$_$28,3,文本,0,0.631398,0.257993,-0.03266,0.290653,0,0.0,0.339232,-0.05094
Arh2TKRi_mg$_$3,3,文本,2,0.758836,0.068751,-0.005454,0.074205,0,0.0,0.116361,-0.010166
AxNy9TeTLq8$_$0,3,文本,2,0.964616,0.015656,-0.000846,0.016502,0,0.0,0.144396,-0.008528
BSKAHXFYF_I$_$1,3,文本,1,0.489414,-0.010012,0.003427,-0.013439,0,0.0,0.013262,-0.008906
BSKAHXFYF_I$_$8,3,文本,2,0.510435,-0.008712,0.003759,-0.01247,0,0.0,-0.022637,0.004408
Baz0VVQ-E9E$_$10,3,文本,0,0.685713,0.080856,0.076386,0.00447,0,0.0,0.033683,0.11835
Baz0VVQ-E9E$_$1,3,文本,1,0.478432,0.013159,-0.000692,0.013851,0,0.0,-0.036968,-0.005147
Baz0VVQ-E9E$_$5,3,文本,0,0.691575,0.045769,0.010134,0.035635,0,0.0,0.081307,0.006862
Baz0VVQ-E9E$_$7,3,文本,2,0.952767,-0.005418,0.001625,-0.007042,0,0.0,-0.052008,0.010239
CJGuudyvA0Y$_$4,3,视觉,2,0.415183,-0.010837,0.009684,-0.020521,0,0.0,-0.028252,-0.024314
CPjbogfLHR4$_$2,3,文本,2,0.62429,0.032542,-0.022632,0.055174,0,0.0,0.039189,-0.034647
CPjbogfLHR4$_$5,3,文本,2,0.766212,0.0797,-0.006936,0.086636,0,0.0,0.121195,-0.011355
DdUJojoFU_c$_$11,3,文本,2,0.768976,0.014012,-0.000377,0.014388,0,0.0,0.011203,0.004413
DdUJojoFU_c$_$15,3,文本,2,0.675081,-0.024647,0.011867,-0.036515,0,0.0,-0.016699,0.007656
DdUJojoFU_c$_$14,3,文本,2,0.911913,0.016317,-0.006069,0.022386,0,0.0,0.070037,-0.024143
DdUJojoFU_c$_$17,3,视觉,2,0.574605,-0.044968,0.017787,-0.062755,0,0.0,-0.04163,0.018947
DdUJojoFU_c$_$16,3,文本,2,0.958903,0.008133,0.000561,0.007573,0,0.0,0.06092,0.006074
DdUJojoFU_c$_$2,3,音频,2,0.726956,0.036946,0.00067,0.036276,0,0.0,0.056339,0.00612
DdUJojoFU_c$_$6,3,视觉,2,0.663743,-0.027443,0.001951,-0.029394,0,0.0,-0.057297,0.00485
DdUJojoFU_c$_$8,3,视觉,2,0.698441,-0.019482,0.005409,-0.024891,0,0.0,-0.05334,0.016139
DlbYiwOnTyk$_$1,3,文本,2,0.56841,0.029183,-0.000708,0.029891,0,0.0,0.038749,-1.2e-05
E8MuzHUhUHk$_$15,3,文本,2,0.94233,0.012678,0.000981,0.011697,0,0.0,0.035936,0.008597
E8MuzHUhUHk$_$14,3,文本,2,0.842957,0.077289,-0.013205,0.090494,0,0.0,0.171841,-0.037763
E8MuzHUhUHk$_$16,3,文本,2,0.94954,0.025241,-0.000407,0.025648,0,0.0,0.115495,-0.004294
E8MuzHUhUHk$_$2,3,文本,2,0.655531,0.042419,-0.004781,0.0472,0,0.0,0.056057,-0.006827
E8MuzHUhUHk$_$9,3,视觉,2,0.375456,0.013518,-0.00508,0.018598,0,0.0,0.005018,-0.002466
EEjCkc82oyk$_$7,3,文本,0,0.457912,0.05539,0.006757,0.048633,0,0.0,0.04082,0.003493
EEjCkc82oyk$_$9,3,文本,0,0.436552,0.085098,0.004989,0.080109,1,1.0,0.091842,0.003999
EQxkXiWAm08$_$8,3,文本,1,0.493114,0.003953,-0.000232,0.004185,0,0.0,0.019273,-0.012194
ET1cU5_A2YM$_$1,3,文本,0,0.74849,0.113003,-0.015864,0.128867,0,0.0,0.181731,-0.035786
ET1cU5_A2YM$_$3,3,文本,2,0.467301,0.033848,-0.020375,0.054223,0,0.0,0.060646,-0.032742
ET1cU5_A2YM$_$6,3,文本,0,0.707478,0.029351,0.001748,0.027603,0,0.0,0.066926,-0.002201
EmmuWoCUgXs$_$22,3,文本,2,0.636554,0.037591,-0.004917,0.042508,0,0.0,0.047021,-0.001127
EmmuWoCUgXs$_$7,3,文本,0,0.530164,0.159203,-0.006926,0.166129,1,0.0,0.099356,-0.003769
Es9MkKsMsjU$_$10,3,文本,2,0.463202,0.027296,-0.004838,0.032133,0,0.0,0.045349,-0.011389
Es9MkKsMsjU$_$12,3,文本,0,0.723636,0.077676,-0.00857,0.086246,0,0.0,0.118192,-0.010698
Es9MkKsMsjU$_$2,3,文本,0,0.752313,0.099836,0.001351,0.098485,0,0.0,0.163034,0.001865
Es9MkKsMsjU$_$7,3,文本,0,0.892082,0.07254,-0.004343,0.076883,0,0.0,0.199863,-0.017786
Ezn3p5FWF_U$_$4,3,文本,2,0.960091,-0.004093,0.001295,-0.005388,0,0.0,-0.035774,0.011492
F1U26PLiXjM$_$1,3,文本,2,0.671435,0.031636,-0.00613,0.037766,0,0.0,0.041061,-0.00832
F6JV-K840EY$_$2,3,视觉,2,0.480439,-0.05148,0.008038,-0.059518,0,0.0,-0.075256,0.023198
FB_b1dm0SRY$_$10,3,文本,0,0.659737,-0.046707,0.005082,-0.051789,0,0.0,-0.116863,0.013359
FB_b1dm0SRY$_$0,3,文本,2,0.56263,0.12131,-0.006484,0.127794,0,0.0,0.155093,-0.009471
FB_b1dm0SRY$_$6,3,文本,0,0.467795,0.083486,0.027474,0.056013,1,1.0,-0.075845,-0.052181
FB_b1dm0SRY$_$9,3,文本,0,0.636104,0.01284,3.7e-05,0.012804,0,0.0,-0.003453,0.000563
FB_b1dm0SRY$_$8,3,文本,2,0.850987,0.077711,-0.013847,0.091559,0,0.0,0.180165,-0.040884
FxxJB8hBpyQ$_$1,3,文本,0,0.622604,0.099674,-0.014188,0.113862,0,0.0,0.1309,-0.022044
Fy0Uid9afM8$_$0,3,音频,2,0.388122,0.017132,-0.011379,0.028511,0,0.0,0.045162,-0.014528
Fy0Uid9afM8$_$3,3,文本,1,0.471694,-0.0239,0.009434,-0.033333,0,0.0,-0.00997,-0.017816
Fy0Uid9afM8$_$5,3,文本,0,0.462955,0.075068,-0.003941,0.079009,0,0.0,0.115325,-0.00661
Fy0Uid9afM8$_$4,3,音频,1,0.435887,0.069392,-0.005888,0.07528,1,0.0,-0.176305,-0.066603
H1DpVwktfDQ$_$0,3,文本,0,0.613303,0.072657,-0.002989,0.075647,0,0.0,0.130322,-0.013161
HGicRLwgtkM$_$1,3,文本,2,0.664844,0.037632,-0.005757,0.043389,0,0.0,0.053228,-0.005777
HGicRLwgtkM$_$3,3,视觉,2,0.711193,-0.068338,0.030256,-0.098594,0,0.0,-0.156147,0.053199
HGicRLwgtkM$_$2,3,文本,2,0.795229,0.033743,-0.00331,0.037053,0,0.0,0.065342,-0.007339
HGicRLwgtkM$_$6,3,文本,2,0.834135,0.094429,-0.007438,0.101866,0,0.0,0.178983,-0.019667
HmXXW45eZL4$_$1,3,文本,2,0.601864,-0.054339,-0.002428,-0.051911,0,0.0,-0.097614,-0.003081
HmXXW45eZL4$_$4,3,文本,0,0.921122,0.070955,-0.006191,0.077147,0,0.0,0.275302,-0.040839
IM6HW1HwHhM$_$11,3,音频,2,0.427285,0.002947,0.004968,-0.002021,0,0.0,0.013744,0.007031
IM6HW1HwHhM$_$15,3,文本,2,0.8151,0.056592,-0.010043,0.066635,0,0.0,0.094466,-0.018659
IM6HW1HwHhM$_$17,3,文本,2,0.872205,0.032693,-0.005052,0.037744,0,0.0,0.086865,-0.015515
IUmxJNs2zaY$_$3,3,文本,2,0.537282,0.037904,-0.00358,0.041484,0,0.0,0.03761,-0.000938
IUmxJNs2zaY$_$2,3,音频,1,0.477413,0.021755,-0.004264,0.026019,0,0.0,-0.075475,0.0117
JAnRCQ9A0vI$_$1,3,文本,2,0.699074,0.034432,-0.00102,0.035452,0,0.0,0.046329,-0.001955
JAnRCQ9A0vI$_$0,3,文本,2,0.566317,0.086224,-0.027913,0.114137,0,0.0,0.10778,-0.0384
JAnRCQ9A0vI$_$3,3,文本,2,0.881024,0.035132,-0.002006,0.037139,0,0.0,0.120116,-0.009856
JAnRCQ9A0vI$_$2,3,文本,2,0.902533,0.011281,-0.001541,0.012822,0,0.0,0.048568,-0.007899
JAnRCQ9A0vI$_$5,3,文本,2,0.761403,0.025055,-0.01059,0.035645,0,0.0,0.051139,-0.016026
JAnRCQ9A0vI$_$4,3,文本,2,0.573282,0.018501,0.001618,0.016883,0,0.0,0.020687,0.003978
JAnRCQ9A0vI$_$8,3,文本,2,0.904479,0.025877,-0.001909,0.027786,0,0.0,0.088995,-0.004601
JOK1SSmPtFw$_$10,3,文本,2,0.491204,0.014611,-0.000251,0.014862,0,0.0,0.036503,-0.004778
JOK1SSmPtFw$_$13,3,文本,2,0.788446,0.092582,-0.01406,0.106642,0,0.0,0.170282,-0.022285
JOK1SSmPtFw$_$14,3,文本,1,0.462853,-0.031521,0.007305,-0.038825,0,1.0,0.104287,-0.019565
JOK1SSmPtFw$_$16,3,文本,1,0.490577,-0.045987,0.006163,-0.05215,0,0.0,0.0808,-0.007753
JOK1SSmPtFw$_$0,3,文本,2,0.969815,0.011494,-0.000177,0.011672,0,0.0,0.110659,-0.002766
JOK1SSmPtFw$_$5,3,文本,2,0.627486,0.028269,-0.001659,0.029928,0,0.0,0.02791,-0.001874
JOK1SSmPtFw$_$4,3,文本,2,0.53758,0.110522,-0.030836,0.141358,1,0.0,0.147054,-0.043296
JOK1SSmPtFw$_$8,3,文本,2,0.469845,0.051097,-0.010781,0.061878,1,1.0,0.077407,-0.013323
JPT38CA3sGI$_$1,3,视觉,2,0.668577,0.033541,-0.015163,0.048703,0,0.0,0.080244,-0.038635
JPT38CA3sGI$_$0,3,文本,2,0.795672,0.017045,1.4e-05,0.017031,0,0.0,0.031421,0.000168
JPT38CA3sGI$_$5,3,文本,2,0.787759,0.050469,-0.003414,0.053883,0,0.0,0.103953,-0.011168
JVpF99zuQhA$_$0,3,文本,2,0.558294,0.081331,-0.015041,0.096372,0,0.0,0.099198,-0.013091
JVpF99zuQhA$_$2,3,视觉,1,0.482281,-0.001225,0.005768,-0.006993,0,0.0,0.015965,-0.014675
JVpF99zuQhA$_$4,3,视觉,1,0.495786,0.002919,-0.006904,0.009823,0,0.0,0.013839,-0.004458
K0m1tO3Ybyc$_$15,3,文本,2,0.846189,0.06751,-0.006792,0.074303,0,0.0,0.159393,-0.01084
K0m1tO3Ybyc$_$8,3,视觉,2,0.724069,-0.004917,0.006051,-0.010967,0,0.0,-0.008455,0.00606
K8gp7ncdUl8$_$5,3,文本,2,0.522143,-0.001554,0.003683,-0.005237,0,0.0,0.00053,0.005944
KDjl2exStlI$_$10,3,音频,1,0.65263,0.102124,0.009044,0.09308,0,0.0,-0.057441,-0.31472
KDjl2exStlI$_$13,3,文本,1,0.580065,-0.014209,0.000112,-0.014321,0,0.0,0.015808,0.00677
KDjl2exStlI$_$5,3,音频,2,0.665353,0.281615,-0.091919,0.373534,1,1.0,0.690407,-0.367336
KDjl2exStlI$_$4,3,文本,1,0.548094,-0.004106,-0.001202,-0.002904,0,0.0,0.004298,-0.007063
KkKWFZZmmCM$_$1,3,文本,2,0.859142,-0.003509,0.003942,-0.007451,0,0.0,-0.028984,0.012922
KpMCvUyQCXg$_$1,3,音频,2,0.472889,-0.005044,0.013905,-0.018949,0,1.0,-0.005371,0.023596
KpMCvUyQCXg$_$3,3,音频,1,0.399174,0.000475,0.037467,-0.036992,1,1.0,-0.093183,-0.003248
KpMCvUyQCXg$_$5,3,文本,2,0.701386,0.029521,-0.003551,0.033072,0,0.0,0.058227,-0.005621
L1eFHRQGFeg$_$2,3,音频,2,0.43474,-0.020112,-0.004597,-0.015515,0,0.0,-0.029106,-0.007909
MCsvw5-7lVE$_$1,3,文本,2,0.904507,0.031716,-0.002927,0.034643,0,0.0,0.114717,-0.010455
MCsvw5-7lVE$_$2,3,文本,2,0.87215,-0.010746,-0.002552,-0.008194,0,0.0,-0.03432,-0.010179
MCsvw5-7lVE$_$4,3,文本,2,0.785751,0.039031,-0.010558,0.049589,0,0.0,0.04784,-0.022388
MMpo2bDk-DU$_$10,3,文本,2,0.530175,0.044973,-0.00481,0.049783,0,0.0,0.061001,-0.006081
MMpo2bDk-DU$_$17,3,音频,2,0.433948,-0.04297,0.006942,-0.049911,0,1.0,-0.065816,0.0124
MMpo2bDk-DU$_$16,3,音频,2,0.43214,-0.000784,-0.005379,0.004596,0,1.0,0.000383,-0.007088
MMpo2bDk-DU$_$19,3,文本,2,0.924272,0.043984,-0.007605,0.051589,0,0.0,0.169181,-0.037275
MjaaudUc5-4$_$1,3,文本,0,0.805953,0.104672,-0.016275,0.120947,0,0.0,0.203236,-0.039081
MjaaudUc5-4$_$0,3,文本,2,0.543012,0.014646,-0.001795,0.016442,0,0.0,-0.008433,0.020967
MjaaudUc5-4$_$3,3,文本,2,0.705481,0.074339,-0.01013,0.084469,0,0.0,0.100785,-0.01709
MjaaudUc5-4$_$6,3,文本,0,0.441551,0.227566,-0.100425,0.327991,1,0.0,0.300756,-0.116869
MoQmPA7Q07Q$_$1,3,文本,2,0.807527,0.052912,-0.003249,0.056161,0,0.0,0.098054,-0.005805
MoQmPA7Q07Q$_$2,3,文本,2,0.996059,0.003252,-0.000333,0.003585,0,0.0,0.220841,-0.03157
N1X63d_jgmw$_$5,3,文本,2,0.664001,0.056992,-0.003907,0.060899,0,0.0,0.080874,-0.00474
N5xfBtD6rLY$_$7,3,文本,2,0.542901,0.055183,-0.024584,0.079767,0,0.0,0.091143,-0.041959
NoZsdSGnNpI$_$7,3,文本,2,0.748666,0.054861,-0.003089,0.05795,0,0.0,0.097482,-0.009861
Nrurc5sMUOE$_$5,3,文本,0,0.799447,0.081739,-0.002548,0.084287,0,0.0,0.162905,-0.005421
Nrurc5sMUOE$_$7,3,视觉,1,0.420654,0.008661,-0.001282,0.009943,0,1.0,-0.003532,-0.006395
Nrurc5sMUOE$_$8,3,文本,0,0.570307,0.109982,-0.003102,0.113084,0,0.0,0.127818,-0.003847
NzvNW7vP-Co$_$5,3,文本,2,0.860972,0.010909,0.00192,0.008989,0,0.0,0.033353,0.004778
NzvNW7vP-Co$_$4,3,音频,1,0.556279,-0.001746,-0.004069,0.002323,0,0.0,0.034592,0.034937
NzvNW7vP-Co$_$7,3,文本,2,0.751372,0.077086,-0.001995,0.079081,0,0.0,0.122611,-0.003609
OLP0nCKwU6k$_$6,3,音频,1,0.436304,-0.012303,0.001637,-0.01394,0,0.0,0.001667,-0.000163
OrYBtyO0aPI$_$1,3,文本,0,0.547417,0.048656,-0.002204,0.050861,0,0.0,0.07222,-0.007978
OrYBtyO0aPI$_$4,3,文本,2,0.873294,0.013285,0.008974,0.004311,0,0.0,0.002673,0.048106
PboaYD5hlG8$_$10,3,文本,2,0.710187,-0.01777,0.007062,-0.024832,0,0.0,-0.031555,0.005928
PboaYD5hlG8$_$3,3,文本,2,0.845234,0.094638,-0.014269,0.108907,0,0.0,0.193864,-0.041276
PboaYD5hlG8$_$2,3,文本,1,0.512924,-0.006404,0.000835,-0.00724,0,0.0,0.009781,0.006226
PboaYD5hlG8$_$7,3,音频,1,0.396012,0.005399,-0.002053,0.007452,0,0.0,-0.013084,-0.000455
PboaYD5hlG8$_$9,3,视觉,2,0.529046,0.000108,-8.9e-05,0.000197,0,0.0,9.2e-05,-0.00015
PboaYD5hlG8$_$8,3,文本,0,0.611281,0.05828,0.007271,0.05101,0,0.0,0.062997,0.003499
Pt-D0LUHDSc$_$2,3,文本,2,0.894922,0.046577,-0.005557,0.052133,0,0.0,0.136443,-0.020191
PwapK9d8IGk$_$4,3,音频,1,0.400061,0.005505,0.000214,0.005292,0,0.0,-0.026645,0.005166
PyQrAYl1bFs$_$0,3,文本,2,0.859457,-0.015336,0.009461,-0.024798,0,0.0,-0.014013,0.031898
PyQrAYl1bFs$_$3,3,文本,2,0.973362,-0.00625,0.001076,-0.007326,0,0.0,-0.121164,0.0155
PyQrAYl1bFs$_$4,3,文本,2,0.811001,0.079599,-0.016956,0.096555,0,0.0,0.156706,-0.04271
Q4WzApjaCNI$_$0,3,文本,2,0.716151,0.064867,-0.017172,0.08204,0,0.0,0.103653,-0.02319
Q7S0tX4FUNA$_$4,3,文本,2,0.469893,0.03211,-0.006393,0.038503,1,1.0,0.025885,-0.009041
Q7S0tX4FUNA$_$7,3,音频,2,0.474514,-0.042498,0.050341,-0.092839,0,0.0,-0.008082,0.187172
Q7S0tX4FUNA$_$8,3,音频,2,0.453447,0.03254,0.000114,0.032425,0,0.0,0.031914,0.004046
Qa6Yz62V-Yc$_$0,3,文本,2,0.525864,0.0772,-0.005281,0.082481,0,0.0,0.113712,-0.00437
QjcQx8_PQfw$_$10,3,文本,2,0.892211,0.070102,-0.004424,0.074526,0,0.0,0.183499,-0.021251
QjcQx8_PQfw$_$7,3,视觉,1,0.417983,0.015948,-0.001473,0.017421,0,1.0,-0.010894,0.002677
QpchvHpGFc8$_$3,3,文本,2,0.510257,0.154296,-0.0237,0.177996,1,0.0,0.227209,-0.037142
RArhIHk4Qs4$_$13,3,视觉,1,0.477311,0.004471,-0.005582,0.010054,0,0.0,-0.02885,-0.043374
RArhIHk4Qs4$_$17,3,文本,0,0.449631,0.166638,-0.06477,0.231408,1,0.0,0.14501,-0.072082
RArhIHk4Qs4$_$16,3,文本,0,0.579705,0.159235,-0.027312,0.186547,0,0.0,0.213408,-0.038947
RArhIHk4Qs4$_$19,3,文本,1,0.570959,0.016066,-0.008514,0.02458,0,0.0,0.011791,0.002494
RArhIHk4Qs4$_$1,3,文本,2,0.60647,-0.014029,0.003213,-0.017242,0,0.0,-0.001865,0.004942
RArhIHk4Qs4$_$2,3,文本,2,0.385041,-0.052859,0.006702,-0.05956,0,0.0,0.032297,-0.011072
RArhIHk4Qs4$_$7,3,文本,2,0.506747,0.05644,-0.020179,0.076619,0,0.0,0.063136,-0.023664
RArhIHk4Qs4$_$6,3,文本,0,0.600962,0.11737,-0.022682,0.140051,0,0.0,0.146639,-0.027923
RArhIHk4Qs4$_$8,3,文本,0,0.424405,0.079667,-0.018603,0.098271,1,1.0,-0.00903,-0.059889
RArhIHk4Qs4$_$21,3,文本,2,0.86631,-0.010608,0.010062,-0.02067,0,0.0,-0.054548,0.041836
ROcTx5VEn7o$_$11,3,文本,2,0.583183,0.053529,-0.001922,0.05545,0,0.0,0.068335,-0.002386
ROcTx5VEn7o$_$1,3,文本,2,0.463399,0.052639,-0.016466,0.069105,1,0.0,0.0919,-0.015755
ROcTx5VEn7o$_$5,3,音频,1,0.449806,-0.005784,0.005565,-0.011349,0,0.0,-0.005988,0.010786
ROcTx5VEn7o$_$9,3,文本,1,0.495715,0.02132,-0.004373,0.025693,0,0.0,0.006169,-0.011174
RrGpzInAwCg$_$0,3,视觉,2,0.591606,-0.002943,-0.000741,-0.002202,0,0.0,0.001918,-0.000266
RzOFxDk26p0$_$1,3,文本,2,0.952446,0.036105,-0.000188,0.036294,0,0.0,0.213465,-0.003747
RzOFxDk26p0$_$0,3,视觉,1,0.520469,0.000311,0.000262,4.9e-05,0,0.0,0.001671,-0.002881
SHa756SwGJQ$_$2,3,文本,2,0.703493,0.037939,-0.001086,0.039025,0,0.0,0.056762,-0.003002
SHa756SwGJQ$_$4,3,音频,1,0.476978,0.031793,0.007877,0.023917,0,0.0,0.059611,-0.032299
SHa756SwGJQ$_$7,3,音频,1,0.458618,0.017718,-0.014541,0.032258,0,0.0,-0.045793,0.03334
SHa756SwGJQ$_$6,3,文本,2,0.606101,0.085489,-0.003621,0.089109,0,0.0,0.124204,-0.008564
TH32jop4FiI$_$15,3,音频,1,0.461152,0.007811,-0.008251,0.016062,0,0.0,-0.069889,0.034172
TH32jop4FiI$_$17,3,文本,2,0.790442,0.012205,-0.003015,0.01522,0,0.0,0.025743,-0.007452
TWszOxkOV0w$_$1,3,文本,0,0.427035,0.068006,-0.004123,0.072129,1,0.0,-0.09497,0.009671
TXCXFYIc3Yo$_$16,3,文本,2,0.437193,-0.026256,0.004543,-0.030799,0,0.0,-0.016318,0.005999
TXCXFYIc3Yo$_$2,3,文本,2,0.610117,-0.020005,-0.001846,-0.018158,0,0.0,-0.031025,-0.007582
TXCXFYIc3Yo$_$7,3,文本,2,0.449408,-0.028192,0.002827,-0.031019,0,0.0,-0.045159,0.00355
TXCXFYIc3Yo$_$6,3,文本,2,0.690122,0.025934,-0.001174,0.027107,0,0.0,0.052341,-0.007279
TYJzg5IJN8o$_$11,3,视觉,2,0.44015,0.00677,-0.004351,0.011122,0,0.0,0.011486,-0.006512
TYJzg5IJN8o$_$10,3,视觉,1,0.42096,0.00277,4.3e-05,0.002728,0,0.0,-0.000126,0.006243
TYJzg5IJN8o$_$14,3,文本,2,0.914915,0.028524,-0.000946,0.02947,0,0.0,0.116468,-0.002806
TYJzg5IJN8o$_$0,3,文本,2,0.846223,0.018997,-0.001623,0.02062,0,0.0,0.049994,-0.006425
TYJzg5IJN8o$_$4,3,文本,2,0.80477,0.016709,-0.002145,0.018854,0,0.0,0.031235,-0.005349
TYJzg5IJN8o$_$7,3,文本,2,0.966105,0.004937,-0.002254,0.007192,0,0.0,0.037507,-0.029082
Uc_6d-fkZEc$_$3,3,文本,2,0.942237,0.015129,-0.004451,0.01958,0,0.0,0.071477,-0.026889
UlTJmndbGHM$_$1,3,文本,2,0.989887,0.002948,-0.000784,0.003732,0,0.0,0.088413,-0.034115
UlTJmndbGHM$_$4,3,文本,0,0.681877,0.116337,-0.012821,0.129158,0,0.0,0.184195,-0.021006
VbV9S4svrTg$_$13,3,文本,2,0.840324,-0.030018,0.02721,-0.057229,0,0.0,-0.082319,0.068658
VbV9S4svrTg$_$3,3,文本,2,0.831726,-0.017237,0.00823,-0.025467,0,0.0,-0.058858,0.016172
VbV9S4svrTg$_$7,3,文本,2,0.969985,0.007387,0.00374,0.003647,0,0.0,0.043543,0.046536
VbV9S4svrTg$_$8,3,文本,2,0.83729,0.088536,-0.01676,0.105296,0,0.0,0.19662,-0.052722
VinxKpWioTo$_$1,3,文本,2,0.978197,0.007832,-0.000821,0.008652,0,0.0,0.103336,-0.014032
VinxKpWioTo$_$0,3,文本,2,0.727347,0.080243,-0.008262,0.088505,0,0.0,0.053793,0.019157
VinxKpWioTo$_$3,3,文本,2,0.895181,0.009919,-0.002822,0.012741,0,0.0,0.01845,-0.003679
VinxKpWioTo$_$5,3,文本,2,0.955255,0.009172,-0.001398,0.010569,0,0.0,0.048874,-0.009959
ViyQVpGW05w$_$1,3,视觉,2,0.642236,-0.002496,0.023556,-0.026052,0,0.0,-0.001199,0.04606
ViyQVpGW05w$_$4,3,视觉,2,0.561458,-0.0062,0.025809,-0.032008,0,0.0,0.031718,0.033611
ViyQVpGW05w$_$6,3,文本,0,0.62816,0.037847,0.005001,0.032846,0,0.0,0.055817,0.011477
Vuay0mVKkik$_$3,3,文本,2,0.642073,0.015939,0.019229,-0.00329,0,0.0,0.033032,0.028526
WmQF5RmbsVQ$_$6,3,文本,2,0.664779,0.041713,-0.002203,0.043916,0,0.0,0.057736,-0.000387
Wrcf2xtqbkQ$_$9,3,文本,1,0.483144,0.00614,-0.001918,0.008058,0,0.0,-0.014407,0.000115
Wrcf2xtqbkQ$_$8,3,文本,2,0.620919,0.054928,-0.006504,0.061432,0,0.0,0.070851,-0.011765
WxajvjGKz7Y$_$0,3,文本,2,0.496104,0.037485,-0.008902,0.046387,1,0.0,0.054349,-0.007293
WxajvjGKz7Y$_$3,3,视觉,1,0.462004,0.009408,0.000465,0.008942,0,0.0,-0.014361,0.003083
WxajvjGKz7Y$_$6,3,视觉,1,0.460972,-0.001542,0.004336,-0.005878,0,0.0,0.007852,-0.006551
XIGpuL-Kkyk$_$12,3,文本,2,0.690073,0.087778,0.004397,0.083381,0,0.0,0.130956,0.005398
XIGpuL-Kkyk$_$0,3,音频,2,0.430931,-0.069995,0.03229,-0.102285,0,1.0,-0.127536,-0.005263
XIGpuL-Kkyk$_$4,3,文本,2,0.957442,0.048847,-0.005671,0.054518,0,0.0,0.282513,-0.049809
XIGpuL-Kkyk$_$7,3,文本,2,0.706381,0.085853,-0.018173,0.104026,0,0.0,0.136009,-0.043998
XaVYxIW0FDg$_$2,3,文本,2,0.579308,0.026025,-0.007253,0.033278,0,0.0,0.034577,-0.010976
XyP8bVmGX6M$_$4,3,文本,2,0.967868,0.008415,-0.001885,0.010301,0,0.0,0.076467,-0.020482
XzVapdEr_GY$_$3,3,文本,2,0.855284,0.070932,-0.008097,0.079029,0,0.0,0.14968,-0.021788
XzVapdEr_GY$_$4,3,文本,2,0.941558,0.029188,-0.001697,0.030885,0,0.0,0.140469,-0.010534
Y7h-S3cJ52o$_$0,3,文本,2,0.723635,0.033469,-0.014491,0.04796,0,0.0,0.041352,-0.025644
Y7qkyMyanjU$_$2,3,文本,2,0.424691,-0.037857,0.014343,-0.0522,0,1.0,-0.013282,0.00497
Y7qkyMyanjU$_$4,3,文本,2,0.541489,0.040311,-0.000366,0.040677,0,0.0,0.090718,-0.006795
YbuG8xyUO-o$_$3,3,音频,1,0.529969,0.006872,0.006249,0.000623,0,0.0,-0.016284,-0.056886
YbuG8xyUO-o$_$2,3,文本,1,0.610449,-0.008049,0.004391,-0.01244,0,0.0,0.039988,-0.001698
Z7L3V5bwzI0$_$2,3,文本,2,0.912358,0.039973,-0.003937,0.04391,0,0.0,0.129458,-0.016267
ZaoFHcbRM9g$_$3,3,音频,2,0.667445,0.016475,-0.00827,0.024745,0,0.0,0.034789,-0.019828
ZaoFHcbRM9g$_$2,3,音频,1,0.430662,-0.013895,0.001709,-0.015605,0,0.0,-0.001998,0.102888
ZaoFHcbRM9g$_$5,3,音频,0,0.403808,0.069865,-0.009045,0.078911,1,1.0,0.008403,-0.112018
ZaoFHcbRM9g$_$8,3,文本,0,0.842058,0.069274,0.008077,0.061197,0,0.0,0.186381,-0.016133
Zvisaa77Cng$_$1,3,文本,2,0.609221,0.187703,-0.007976,0.195679,0,0.0,0.302321,-0.017185
Zvisaa77Cng$_$5,3,文本,2,0.685253,0.031476,-0.010576,0.042052,0,0.0,0.039393,-0.017881
_7HVhnSYX1Y$_$26,3,文本,2,0.602206,0.05264,-0.012755,0.065395,0,0.0,0.063962,-0.011463
_7HVhnSYX1Y$_$12,3,文本,2,0.725459,0.010298,-0.003894,0.014192,0,0.0,0.001774,-0.000965
_7HVhnSYX1Y$_$14,3,文本,2,0.790774,0.02475,0.00259,0.02216,0,0.0,0.022048,0.013749
_7HVhnSYX1Y$_$19,3,文本,1,0.430656,0.01453,-0.003015,0.017545,1,0.0,-0.011975,0.006066
_7HVhnSYX1Y$_$31,3,文本,2,0.808036,0.024766,-0.003957,0.028723,0,0.0,0.053498,-0.009184
_7HVhnSYX1Y$_$3,3,文本,2,0.729356,0.071564,-0.006385,0.077949,0,0.0,0.093503,-0.008955
_BvNNdEkhZA$_$14,3,文本,0,0.577001,0.035528,-0.02925,0.064777,0,0.0,0.04122,-0.028677
_BvNNdEkhZA$_$19,3,文本,2,0.561469,0.014135,0.000945,0.013189,0,0.0,0.019156,0.003065
_BvNNdEkhZA$_$7,3,文本,2,0.683251,0.023862,-0.00216,0.026022,0,0.0,0.035129,-0.001349
_BvNNdEkhZA$_$6,3,文本,0,0.539095,0.026188,0.002708,0.023481,0,0.0,0.038382,0.005993
_BvNNdEkhZA$_$9,3,音频,1,0.477316,-0.010164,-0.033254,0.02309,0,0.0,0.134047,0.140363
_aZDaIfGfPo$_$1,3,文本,2,0.944766,0.015575,-0.001291,0.016866,0,0.0,0.090349,-0.008715
_aZDaIfGfPo$_$0,3,文本,2,0.900824,0.032156,-0.004092,0.036249,0,0.0,0.109847,-0.016072
_gr7o5ynhnw$_$13,3,文本,2,0.591577,0.034693,-0.000606,0.035299,0,0.0,0.043351,-0.00501
_gr7o5ynhnw$_$12,3,文本,2,0.80521,0.1028,-0.013002,0.115802,0,0.0,0.187268,-0.033077
_gr7o5ynhnw$_$15,3,文本,2,0.951811,0.01857,0.001307,0.017263,0,0.0,0.122864,0.007862
_gzYkdjNvPc$_$12,3,文本,2,0.588556,-0.052567,0.046572,-0.099139,0,0.0,-0.074902,0.0563
_gzYkdjNvPc$_$17,3,文本,0,0.95534,0.013198,-0.000233,0.01343,0,0.0,0.098879,-0.004001
_gzYkdjNvPc$_$1,3,音频,1,0.410848,0.015053,-0.002502,0.017555,0,0.0,-0.067079,-0.021947
_gzYkdjNvPc$_$3,3,视觉,1,0.509814,-0.001722,-0.001316,-0.000406,0,0.0,0.005258,0.005543
_gzYkdjNvPc$_$2,3,文本,0,0.804247,0.364924,-0.083952,0.448876,0,0.0,0.314659,-0.291656
_gzYkdjNvPc$_$5,3,文本,2,0.477763,0.054748,-0.008207,0.062955,1,0.0,0.057021,-0.007316
_gzYkdjNvPc$_$4,3,文本,2,0.561905,0.014607,-0.000422,0.015028,0,0.0,0.020353,-4.6e-05
_gzYkdjNvPc$_$6,3,音频,1,0.398807,0.001553,0.001243,0.000309,0,0.0,0.033663,-0.023026
_gzYkdjNvPc$_$9,3,音频,1,0.388763,-0.018673,0.016393,-0.035066,0,0.0,-0.021109,0.03526
a-WihYDk6vc$_$8,3,文本,2,0.750182,0.03307,-0.005212,0.038282,0,0.0,0.053295,-0.008555
a-WihYDk6vc$_$0,3,文本,2,0.857948,0.071807,-0.013864,0.085671,0,0.0,0.166166,-0.028866
aFhc2ddipoM$_$14,3,文本,2,0.939834,0.006159,-0.000567,0.006725,0,0.0,0.02733,-0.002807
aK5tRCXjUvU$_$0,3,文本,2,0.807387,-0.000134,0.00055,-0.000683,0,0.0,0.041762,-0.010891
b-FX9NOVQOM$_$1,3,音频,2,0.411526,-0.020635,0.010568,-0.031203,0,1.0,-0.02935,0.021408
b-FX9NOVQOM$_$4,3,文本,2,0.570541,0.01448,0.002461,0.012019,0,0.0,0.044523,0.001452
b1LEcg6z66g$_$0,3,文本,0,0.518792,0.071177,-0.008031,0.079208,0,0.0,0.088126,-0.015258
b1LEcg6z66g$_$4,3,文本,2,0.79383,0.012259,-0.003,0.015259,0,0.0,0.026032,-0.006607
b1LEcg6z66g$_$8,3,文本,0,0.800379,0.158131,-0.009801,0.167932,0,0.0,0.255871,-0.022551
bAkUEnPoucg$_$3,3,文本,2,0.822261,0.140135,-0.007893,0.148029,0,0.0,0.240677,-0.017173
bNQkb4K5DX0$_$3,3,音频,2,0.419266,0.010736,-0.006272,0.017008,1,1.0,0.027888,-0.014394
bNQkb4K5DX0$_$7,3,文本,2,0.897181,0.021937,-0.001065,0.023002,0,0.0,0.084074,-0.011813
bWunvAd96zI$_$1,3,文本,2,0.584625,0.05018,-0.005409,0.055589,0,0.0,0.066265,-0.009047
bWunvAd96zI$_$2,3,文本,0,0.403785,0.13392,-0.015339,0.149259,1,1.0,0.181281,-0.017561
bWunvAd96zI$_$5,3,文本,2,0.53793,-0.020238,0.024726,-0.044964,0,0.0,-0.04092,0.045204
bWunvAd96zI$_$4,3,文本,2,0.827724,0.097885,-0.00013,0.098015,0,0.0,0.178935,-0.004547
bj9e8w4vNxo$_$12,3,文本,2,0.743487,0.045343,-0.004236,0.04958,0,0.0,0.065035,-0.009013
bpvYdXVlgvc$_$1,3,视觉,2,0.486177,0.080281,0.017101,0.06318,0,0.0,0.123073,0.014296
bpvYdXVlgvc$_$3,3,文本,0,0.447944,0.126666,-0.016212,0.142877,1,0.0,0.137742,-0.016996
bpvYdXVlgvc$_$4,3,文本,0,0.685073,0.145453,-0.037501,0.182954,0,0.0,0.232808,-0.061277
bpvYdXVlgvc$_$6,3,文本,0,0.705843,0.042514,0.004089,0.038425,0,0.0,0.073447,0.004105
c1a1y9ytHH0$_$0,3,文本,2,0.684509,0.045579,-0.004166,0.049745,0,0.0,0.079403,-0.007428
c1a1y9ytHH0$_$3,3,文本,2,0.522958,-0.002494,-0.003415,0.000921,0,0.0,0.008296,-0.006685
c1a1y9ytHH0$_$7,3,文本,2,0.755907,0.073564,-0.013525,0.087089,0,0.0,0.116245,-0.021871
c5cB7AfVgcE$_$12,3,文本,2,0.777408,0.056738,-0.004422,0.06116,0,0.0,0.102493,-0.007138
c5cB7AfVgcE$_$5,3,文本,2,0.612942,0.065042,-0.003828,0.068869,0,0.0,0.098267,-0.006411
d8BR6hsvzoY$_$1,3,文本,2,0.609853,0.044354,-0.006351,0.050705,0,0.0,0.065633,-0.014321
d8BR6hsvzoY$_$0,3,文本,1,0.607501,-0.009678,0.001124,-0.010802,0,0.0,-0.028049,0.013906
d8BR6hsvzoY$_$2,3,文本,2,0.521502,-0.008424,-3.7e-05,-0.008386,0,0.0,0.027463,-0.006449
d8BR6hsvzoY$_$5,3,视觉,1,0.482141,0.094475,0.098525,-0.004051,1,1.0,-0.144086,-0.080982
d8BR6hsvzoY$_$6,3,文本,1,0.569417,0.009326,-0.004541,0.013867,0,0.0,-0.027639,0.000307
d8BR6hsvzoY$_$9,3,视觉,1,0.504254,0.000901,-0.001297,0.002198,0,0.0,0.004011,-0.003578
d8BR6hsvzoY$_$8,3,文本,2,0.445796,-0.028123,7.7e-05,-0.0282,0,0.0,-0.048436,0.000982
dBWvtPeHpWM$_$4,3,文本,2,0.841249,0.028251,0.007347,0.020904,0,0.0,0.038664,0.030269
dEDbm2ubVRQ$_$0,3,文本,2,0.468066,0.023237,-0.003367,0.026604,0,0.0,0.040989,-0.016097
dEDbm2ubVRQ$_$3,3,音频,2,0.383635,-0.038233,0.011897,-0.050131,0,1.0,-0.046188,0.01326
dEDbm2ubVRQ$_$8,3,文本,2,0.533765,0.02856,-0.007555,0.036115,0,0.0,0.025964,-0.006842
dt641WxonBI$_$1,3,文本,2,0.779741,0.042714,-0.003783,0.046497,0,0.0,0.087181,-0.019875
dt641WxonBI$_$3,3,文本,2,0.543258,0.070005,-0.013905,0.08391,0,0.0,0.089323,-0.019793
eOiC1kb17P4$_$0,3,文本,2,0.834564,0.022435,-0.002083,0.024518,0,0.0,0.054903,-0.006304
erNDEjQeox8$_$12,3,文本,2,0.716652,0.080513,-0.005327,0.08584,0,0.0,0.129641,-0.008133
ewBrNsyY82Q$_$4,3,文本,2,0.524919,0.017437,-0.002656,0.020093,0,0.0,0.029412,-0.004041
fWOIAxzBQFY$_$12,3,音频,2,0.512615,0.002361,-0.002188,0.004549,0,0.0,0.034071,0.009084
fWOIAxzBQFY$_$5,3,文本,2,0.918469,0.084486,-0.011784,0.096269,0,0.0,0.266156,-0.054874
fWOIAxzBQFY$_$7,3,文本,2,0.764917,0.072317,-0.010132,0.082449,0,0.0,0.112282,-0.022944
f_ZJ7L14oYQ$_$11,3,文本,2,0.642086,0.057417,-0.001092,0.058509,0,0.0,0.096328,-0.001533
f_ZJ7L14oYQ$_$27,3,文本,2,0.533396,-0.050736,-0.016634,-0.034102,0,0.0,-0.075048,-0.024994
f_ZJ7L14oYQ$_$21,3,文本,0,0.960022,0.013913,0.00341,0.010503,0,0.0,0.121409,0.031582
f_ZJ7L14oYQ$_$17,3,文本,0,0.602978,0.039855,-0.001398,0.041253,0,0.0,0.065525,-0.006053
f_ZJ7L14oYQ$_$9,3,文本,2,0.612815,0.022102,-0.005159,0.027261,0,0.0,0.048656,-0.006158
f_ZJ7L14oYQ$_$8,3,文本,2,0.755813,0.028766,-0.011864,0.040629,0,0.0,0.064182,-0.026012
ffrJ91swyq0$_$1,3,文本,2,0.799122,0.054349,-0.00455,0.058899,0,0.0,0.101948,-0.00895
g8Cl74tS3oY$_$2,3,文本,0,0.450225,0.027748,-0.008057,0.035805,0,0.0,0.02615,-0.007749
g8Cl74tS3oY$_$6,3,文本,2,0.888334,0.006851,-0.001147,0.007998,0,0.0,0.029257,-0.00352
gR4gM_WXesQ$_$10,3,视觉,2,0.41909,-0.001324,0.01376,-0.015084,0,1.0,0.00221,0.013959
gR4gM_WXesQ$_$26,3,文本,0,0.390854,0.112884,-0.029869,0.142753,1,0.0,0.130473,-0.038727
gR4gM_WXesQ$_$20,3,文本,2,0.841439,0.034163,0.0024,0.031763,0,0.0,0.089597,0.008328
gR4gM_WXesQ$_$24,3,文本,0,0.499529,0.076341,-0.021034,0.097375,0,0.0,0.067339,-0.024091
gR4gM_WXesQ$_$18,3,文本,0,0.602065,0.065949,-0.00617,0.072118,0,0.0,0.07075,-0.005079
gR4gM_WXesQ$_$3,3,文本,2,0.415582,0.074889,-0.007017,0.081906,1,0.0,0.112875,-0.008197
gR4gM_WXesQ$_$4,3,文本,2,0.94065,0.016635,-0.002703,0.019339,0,0.0,0.096536,-0.022529
gR4gM_WXesQ$_$8,3,文本,2,0.567031,0.029956,-0.01073,0.040687,0,0.0,0.025861,-0.016404
gVqs4TzqySw$_$1,3,文本,2,0.73847,0.050395,-0.001305,0.051701,0,0.0,0.069987,0.000774
gVqs4TzqySw$_$3,3,文本,2,0.543266,0.009553,0.000431,0.009122,0,0.0,0.02918,0.000895
gVqs4TzqySw$_$2,3,文本,2,0.733214,0.041887,-0.00516,0.047047,0,0.0,0.070592,-0.010435
gVqs4TzqySw$_$4,3,视觉,1,0.483799,0.135612,0.001288,0.134324,1,0.0,-0.165695,0.006109
goMtnNHQ_z4$_$1,3,文本,2,0.723512,0.044462,-0.007717,0.052179,0,0.0,0.067951,-0.014233
goMtnNHQ_z4$_$2,3,文本,2,0.921801,0.04335,-0.006555,0.049905,0,0.0,0.17182,-0.036428
goMtnNHQ_z4$_$13,3,文本,2,0.842388,0.028425,-0.000854,0.029279,0,0.0,0.072572,-0.003695
goMtnNHQ_z4$_$12,3,文本,2,0.499187,0.015483,0.001356,0.014127,0,0.0,0.009595,0.000912
hqzF4IDaIYE$_$0,3,音频,2,0.493922,0.035917,-0.015848,0.051765,0,0.0,0.048219,-0.017555
hqzF4IDaIYE$_$3,3,文本,2,0.837446,-0.006952,-0.005237,-0.001715,0,0.0,-0.021119,-0.01456
hqzF4IDaIYE$_$2,3,文本,2,0.878532,0.032939,1.7e-05,0.032922,0,0.0,0.089834,-0.001785
hqzF4IDaIYE$_$4,3,文本,2,0.743674,0.017217,-0.003326,0.020543,0,0.0,0.052331,-0.008802
hqzF4IDaIYE$_$6,3,音频,2,0.695957,0.164956,0.010775,0.154181,0,0.0,0.366531,0.041359
hvfaYsv7p8E$_$0,3,文本,0,0.531572,0.112088,-0.012304,0.124391,0,0.0,0.115403,-0.014972
iUXqlrui25c$_$10,3,音频,2,0.359709,-0.035183,-0.003184,-0.031998,0,0.0,-0.050486,-0.014191
iUXqlrui25c$_$21,3,文本,2,0.572074,0.00977,-0.000191,0.00996,0,0.0,0.012548,0.00067
iUXqlrui25c$_$23,3,文本,2,0.603723,-0.016018,0.003194,-0.019212,0,0.0,-0.018245,0.003753
icbUzboLcDQ$_$0,3,文本,2,0.928202,0.070923,-0.006554,0.077477,0,0.0,0.257236,-0.029506
ioupaiAuRr0$_$5,3,文本,2,0.771295,0.064586,-0.00993,0.074516,0,0.0,0.09917,-0.017307
ioupaiAuRr0$_$4,3,音频,1,0.426797,0.008545,-0.000808,0.009352,0,0.0,-0.009389,0.008815
jICmfLeFymA$_$16,3,文本,2,0.977332,0.027478,-0.003113,0.030591,0,0.0,0.305995,-0.049859
jPrEKz1rAno$_$11,3,文本,2,0.470022,0.025094,-0.001336,0.02643,0,0.0,0.029807,-0.005496
jPrEKz1rAno$_$7,3,文本,2,0.521689,-0.020605,0.006831,-0.027436,0,0.0,-0.016549,0.005919
jPrEKz1rAno$_$6,3,视觉,1,0.456087,-8.9e-05,0.001027,-0.001116,0,0.0,-0.004641,0.002191
k5ZOshC2LP4$_$1,3,视觉,2,0.600662,0.002253,-0.000735,0.002988,0,0.0,0.004462,-0.001548
kbGhEJ4W44o$_$0,3,音频,2,0.576691,-0.004239,-0.003965,-0.000274,0,0.0,-0.00688,-0.007254
kfsO4c0Ekes$_$7,3,文本,2,0.984135,-0.001484,0.000707,-0.002191,0,0.0,-0.04479,0.014777
kvUb78Rdzdc$_$3,3,文本,2,0.892087,0.05911,-0.001875,0.060985,0,0.0,0.176076,-0.006592
lO87-4Kf0cQ$_$2,3,文本,1,0.514309,-0.008824,-0.000532,-0.008292,0,0.0,0.020606,-0.003046
lO87-4Kf0cQ$_$5,3,文本,2,0.465515,0.022506,-0.003297,0.025803,1,1.0,0.033735,0.001349
lWf5hHRHIDs$_$11,3,文本,2,0.914191,-0.016716,0.005232,-0.021948,0,0.0,-0.067643,0.022542
lawHYX5eB20$_$1,3,视觉,1,0.467228,-0.00144,-0.012499,0.01106,0,0.0,0.02594,0.017075
lawHYX5eB20$_$2,3,文本,2,0.685829,0.041769,-0.00293,0.0447,0,0.0,0.075358,-0.001665
mHGaQ_nv9UY$_$13,3,音频,1,0.423848,0.019793,-0.002541,0.022334,1,1.0,-0.005986,-0.007084
mHGaQ_nv9UY$_$14,3,文本,2,0.619394,-0.023316,0.000477,-0.023793,0,0.0,-0.028541,0.001741
mHGaQ_nv9UY$_$17,3,文本,2,0.556949,0.011413,-0.002044,0.013457,0,0.0,0.000114,-0.001472
mHGaQ_nv9UY$_$22,3,文本,0,0.657265,0.083098,0.000502,0.082596,0,0.0,0.110589,-0.000852
mHGaQ_nv9UY$_$5,3,文本,0,0.481854,0.042753,-0.01565,0.058403,0,0.0,0.051462,-0.023618
mHGaQ_nv9UY$_$4,3,文本,0,0.671793,0.174299,-0.016464,0.190763,0,0.0,0.265505,-0.027525
mLW-jn67gRE$_$20,3,文本,2,0.802507,0.039124,-0.004405,0.043529,0,0.0,0.060131,-0.008176
mLW-jn67gRE$_$17,3,文本,2,0.607755,-0.016594,-0.002805,-0.013789,0,0.0,-0.032879,-0.003359
mLW-jn67gRE$_$1,3,音频,1,0.396522,0.019809,0.001868,0.017941,0,0.0,-0.011327,-0.012555
mLW-jn67gRE$_$3,3,音频,1,0.488373,-0.002381,-0.001754,-0.000627,0,0.0,-0.003589,-0.00173
mLW-jn67gRE$_$5,3,文本,2,0.548115,0.009699,-0.002686,0.012386,0,0.0,0.014276,-0.004932
mLW-jn67gRE$_$6,3,文本,0,0.591897,0.09758,-0.014012,0.111592,0,0.0,0.108401,-0.016922
mLW-jn67gRE$_$9,3,音频,1,0.397112,0.036274,0.04087,-0.004596,0,1.0,-0.059944,-0.013793
mjpCK2Edsv8$_$0,3,文本,2,0.977091,0.012921,-0.000728,0.013649,0,0.0,0.165156,-0.011439
nUZYqTRSGDw$_$4,3,文本,0,0.898641,0.015261,-0.000813,0.016074,0,0.0,0.053898,-0.005706
nyzIL6YAonY$_$5,3,文本,2,0.881647,0.020422,0.008699,0.011722,0,0.0,0.054776,0.024878
nyzIL6YAonY$_$6,3,文本,2,0.813414,0.013018,0.001041,0.011977,0,0.0,0.026228,0.002331
ooAF6I-fmTg$_$3,3,音频,1,0.366887,-0.007578,0.010391,-0.017968,0,1.0,-0.037696,-0.02751
ooAF6I-fmTg$_$5,3,音频,1,0.429792,0.014893,0.011745,0.003148,0,1.0,-0.000469,-0.009816
ooAF6I-fmTg$_$7,3,文本,0,0.870089,0.114368,-0.008675,0.123043,0,0.0,0.295061,-0.031806
pOrk7fl1AYo$_$1,3,文本,1,0.430058,0.001342,0.000585,0.000757,0,1.0,0.037104,-0.010398
pOrk7fl1AYo$_$3,3,文本,2,0.758276,0.06885,-0.006908,0.075758,0,0.0,0.116942,-0.014628
pOrk7fl1AYo$_$2,3,文本,1,0.38675,-0.013361,0.003939,-0.0173,0,1.0,0.100474,-0.041159
pOrk7fl1AYo$_$4,3,音频,1,0.372885,0.02415,-0.002404,0.026554,0,0.0,0.031753,-0.009282
q9yDL81QppI$_$1,3,文本,2,0.45056,0.027986,-0.009696,0.037682,1,1.0,0.030248,-0.007826
q9yDL81QppI$_$0,3,文本,2,0.500089,0.050415,-0.011456,0.061871,0,0.0,0.048062,-0.008878
q9yDL81QppI$_$2,3,文本,2,0.521068,0.04738,-0.003295,0.050675,0,0.0,0.048664,-0.004087
qK77ZmbqmOM$_$9,3,音频,1,0.406681,0.003953,-0.001128,0.005081,0,0.0,-0.002703,0.003804
qK77ZmbqmOM$_$0,3,文本,2,0.483234,-0.008319,0.006454,-0.014772,0,0.0,0.001377,0.010563
qY1sXq-YCHs$_$8,3,音频,1,0.40966,0.011674,-0.015817,0.02749,0,0.0,-0.012187,0.035821
qmMSumMloAs$_$1,3,文本,2,0.987476,0.008655,-0.000764,0.009419,0,0.0,0.203499,-0.025274
qmMSumMloAs$_$3,3,文本,2,0.985001,0.003517,-8e-06,0.003525,0,0.0,0.073857,-0.016389
qmMSumMloAs$_$2,3,文本,2,0.956618,0.011743,0.000106,0.011637,0,0.0,0.09805,-0.004565
r13W4H8ZhqI$_$12,3,音频,2,0.379303,-0.062693,0.027805,-0.090498,0,1.0,0.043503,-0.060126
r13W4H8ZhqI$_$1,3,文本,2,0.601503,0.053633,-0.004223,0.057856,0,0.0,0.072369,-0.004747
r13W4H8ZhqI$_$5,3,音频,1,0.460219,0.017158,-0.02514,0.042298,0,0.0,-0.048624,-0.0377
r13W4H8ZhqI$_$8,3,文本,2,0.645492,0.039397,-0.001507,0.040905,0,0.0,0.045084,-0.002697
r5ijC2W9ddk$_$8,3,文本,2,0.910469,-0.006889,0.002287,-0.009175,0,0.0,-0.027144,0.003883
r5ijC2W9ddk$_$0,3,文本,1,0.472892,0.012948,-0.002845,0.015793,0,0.0,0.026224,-0.013173
r9tgDqXEcuc$_$4,3,文本,2,0.627879,0.017467,0.00168,0.015787,0,0.0,0.032111,0.002038
rf0yDSeVEUA$_$1,3,文本,2,0.970853,0.007613,-0.000683,0.008297,0,0.0,0.086469,-0.008005
rf0yDSeVEUA$_$0,3,文本,2,0.970665,0.027445,-0.003157,0.030601,0,0.0,0.265151,-0.050891
rf0yDSeVEUA$_$3,3,文本,2,0.789631,-0.045248,0.006033,-0.051281,0,0.0,-0.110743,0.015525
rojyUp4FPSg$_$26,3,文本,2,0.756706,0.042859,-0.00538,0.048239,0,0.0,0.071109,-0.00784
rojyUp4FPSg$_$20,3,音频,2,0.47979,0.001149,-0.010271,0.01142,0,0.0,7.1e-05,-0.014979
rojyUp4FPSg$_$21,3,文本,2,0.938289,0.021603,-0.000597,0.0222,0,0.0,0.120142,-0.022004
rojyUp4FPSg$_$23,3,文本,2,0.826767,0.219585,-0.061084,0.280669,0,0.0,0.373899,-0.187468
rojyUp4FPSg$_$5,3,文本,1,0.410113,-0.007738,0.002774,-0.010512,0,1.0,0.07774,-0.011674
rojyUp4FPSg$_$7,3,文本,2,0.896414,0.035875,-0.001604,0.037479,0,0.0,0.120799,-0.01082
rojyUp4FPSg$_$9,3,文本,0,0.601024,0.253019,-0.017788,0.270807,1,0.0,0.094253,-0.025011
rojyUp4FPSg$_$10,3,文本,2,0.926562,0.040105,-0.001513,0.041619,0,0.0,0.159454,0.002742
rojyUp4FPSg$_$12,3,文本,2,0.943038,0.060963,-0.009468,0.070431,0,0.0,0.28285,-0.057094
rojyUp4FPSg$_$16,3,文本,2,0.755449,0.133646,-0.032671,0.166317,0,0.0,0.244102,-0.078038
rojyUp4FPSg$_$18,3,文本,2,0.659215,0.063305,-0.0118,0.075106,0,0.0,0.091383,-0.016172
rojyUp4FPSg$_$37,3,文本,2,0.81605,-0.01786,-0.00457,-0.01329,0,0.0,-0.016778,-0.014255
rojyUp4FPSg$_$36,3,文本,2,0.873136,0.204161,-0.045989,0.250149,0,0.0,0.387258,-0.161618
rojyUp4FPSg$_$34,3,文本,2,0.807822,0.039348,-0.005569,0.044917,0,0.0,0.065286,-0.014723
rojyUp4FPSg$_$32,3,文本,2,0.896954,0.181636,-0.040054,0.22169,0,0.0,0.396745,-0.160386
rwNlqh0k1j4$_$15,3,文本,2,0.766458,0.015087,-0.001604,0.016691,0,0.0,0.024892,-0.003315
rwNlqh0k1j4$_$3,3,文本,0,0.952202,0.057689,-0.004642,0.062331,0,0.0,0.330712,-0.04301
rwNlqh0k1j4$_$2,3,文本,2,0.653384,0.07028,-0.003104,0.073385,0,0.0,0.117914,-0.003189
rwNlqh0k1j4$_$7,3,文本,0,0.54176,0.01794,0.00349,0.01445,0,0.0,0.030002,0.005603
sC16n1k66io$_$2,3,文本,2,0.872667,0.05101,-0.0047,0.05571,0,0.0,0.122603,-0.013991
sC16n1k66io$_$16,3,文本,2,0.862128,0.028628,0.004597,0.024031,0,0.0,0.085493,0.008423
sPremsknoLM$_$1,3,文本,1,0.385777,-0.00493,-0.005144,0.000214,0,0.0,0.088881,-0.022012
ssqiwP19JhM$_$10,3,音频,2,0.428642,0.011647,-0.006299,0.017947,0,0.0,0.022758,-0.013687
ssqiwP19JhM$_$2,3,视觉,2,0.53631,-0.003812,0.00655,-0.010362,0,0.0,0.000973,0.005802
szic2IB9HB4$_$5,3,文本,2,0.417958,-0.091153,0.033485,-0.124638,0,1.0,-0.184022,0.031167
tQ-CIfgj-Js$_$3,3,文本,0,0.382696,0.085468,-0.004911,0.09038,1,0.0,-0.118941,-0.025831
tXQpm-nKxNA$_$5,3,文本,2,0.984753,0.022497,-0.001509,0.024006,0,0.0,0.354715,-0.040757
tXQpm-nKxNA$_$7,3,文本,2,0.937092,0.007046,-0.001612,0.008658,0,0.0,0.028645,-0.012164
uacdDoBtT1k$_$0,3,文本,0,0.767243,0.093093,-0.003538,0.096631,0,0.0,0.159344,-0.009003
uacdDoBtT1k$_$6,3,文本,0,0.754934,0.026634,-0.004453,0.031087,0,0.0,0.041619,-0.009721
unNY4zIk8MM$_$1,3,文本,2,0.961731,0.030304,4.6e-05,0.030258,0,0.0,0.216727,0.000561
unNY4zIk8MM$_$3,3,文本,2,0.719067,-0.000222,-0.004258,0.004036,0,0.0,-0.018199,-0.004275
unNY4zIk8MM$_$5,3,文本,2,0.847423,0.029359,-0.006698,0.036057,0,0.0,0.081781,-0.024686
unNY4zIk8MM$_$8,3,文本,2,0.522133,0.007325,-0.006638,0.013962,0,0.0,-0.019011,-0.007642
uooIiW6dEyg$_$1,3,文本,0,0.77557,0.046408,0.012892,0.033516,0,0.0,0.129863,0.009462
uooIiW6dEyg$_$5,3,文本,2,0.750266,0.043884,-0.00318,0.047064,0,0.0,0.073612,-0.005496
v2Rr-EsJda8$_$6,3,文本,2,0.689682,0.092209,-0.007437,0.099645,0,0.0,0.124301,-0.016348
v9gjg7TDlTA$_$0,3,文本,0,0.715953,0.078462,-0.006095,0.084557,0,0.0,0.092914,-0.008235
v9gjg7TDlTA$_$4,3,文本,0,0.731464,0.146285,-0.001936,0.148221,0,0.0,0.189035,-0.008954
vHzbn_YW76s$_$3,3,文本,0,0.602302,-0.082543,0.033393,-0.115936,0,0.0,-0.164115,0.047538
vU0a4F36Ksw$_$13,3,文本,2,0.696852,0.023331,-0.000416,0.023746,0,0.0,0.038574,0.000104
vU0a4F36Ksw$_$12,3,文本,2,0.826392,0.013571,-0.003102,0.016673,0,0.0,0.036062,-0.012206
vU0a4F36Ksw$_$17,3,文本,2,0.605086,0.010738,-0.004142,0.01488,0,0.0,0.01434,-0.007968
vU0a4F36Ksw$_$0,3,文本,2,0.955005,0.006876,-0.001406,0.008282,0,0.0,0.065171,-0.014188
vU0a4F36Ksw$_$3,3,文本,2,0.952021,0.049199,-0.012297,0.061496,0,0.0,0.246757,-0.086454
vU0a4F36Ksw$_$5,3,文本,2,0.574976,0.020601,-0.003433,0.024034,0,0.0,0.026022,-0.003981
vU0a4F36Ksw$_$7,3,文本,2,0.704356,0.082833,-0.009327,0.09216,0,0.0,0.119797,-0.019257
vbr3EA8cJTI$_$0,3,文本,2,0.965801,0.027743,-0.001047,0.02879,0,0.0,0.209853,-0.011612
vbr3EA8cJTI$_$2,3,文本,2,0.776497,-0.001382,0.002129,-0.003512,0,0.0,0.004882,-0.001866
vbr3EA8cJTI$_$7,3,音频,2,0.543049,0.008579,0.034478,-0.025899,0,0.0,0.014799,0.065444
vbr3EA8cJTI$_$6,3,文本,2,0.962244,0.007076,-0.000356,0.007432,0,0.0,0.053196,-0.006261
wF8980oGklk$_$24,3,文本,2,0.729392,0.089746,-0.010798,0.100545,0,0.0,0.147045,-0.015839
wF8980oGklk$_$25,3,文本,2,0.952943,0.066795,-0.009216,0.076011,0,0.0,0.362729,-0.100341
wF8980oGklk$_$1,3,文本,2,0.546585,-0.032961,0.064199,-0.09716,0,1.0,-0.03331,0.049386
wF8980oGklk$_$0,3,文本,2,0.512447,0.020959,0.000434,0.020524,0,0.0,0.019901,0.004752
wF8980oGklk$_$3,3,音频,1,0.499575,0.00298,-0.003962,0.006942,0,0.0,0.011133,-0.002702
wF8980oGklk$_$2,3,文本,0,0.784006,0.113175,0.066387,0.046788,0,0.0,0.243816,0.031004
wF8980oGklk$_$6,3,文本,2,0.740905,0.086644,-0.010973,0.097617,0,0.0,0.14532,-0.022447
wF8980oGklk$_$17,3,文本,2,0.977136,0.018838,-0.002051,0.02089,0,0.0,0.232846,-0.041969
wosolsrH3sM$_$6,3,文本,2,0.639246,-0.129762,0.027287,-0.15705,0,0.0,-0.230962,0.042865
x-zGBp7axao$_$3,3,文本,2,0.583546,-0.034538,0.003415,-0.037953,0,0.0,-0.061716,0.006262
x2lOwQaAn4g$_$4,3,文本,2,0.990837,0.007289,-0.000772,0.008061,0,0.0,0.210634,-0.032723
xUgAP84vsg4$_$15,3,文本,2,0.98724,0.013497,-0.002124,0.015621,0,0.0,0.260518,-0.062713
xUgAP84vsg4$_$4,3,文本,2,0.949125,0.023899,-0.001687,0.025586,0,0.0,0.116594,-0.008153
xUgAP84vsg4$_$8,3,文本,2,0.684189,0.090014,-0.022375,0.112389,0,0.0,0.094913,-0.027337
xivYoEUQ5sk$_$5,3,文本,2,0.95502,0.023341,0.000752,0.022589,0,0.0,0.165749,0.00696
xivYoEUQ5sk$_$4,3,文本,2,0.9892,0.01376,-0.000304,0.014064,0,0.0,0.30481,-0.011308
xjsaS-LeZ14$_$20,3,文本,2,0.455146,-0.035205,0.009871,-0.045076,0,1.0,-0.029221,0.017002
xjsaS-LeZ14$_$14,3,文本,2,0.758431,0.084337,-0.012188,0.096525,0,0.0,0.133525,-0.021596
xjsaS-LeZ14$_$6,3,文本,2,0.79584,0.045927,0.000549,0.045378,0,0.0,0.088028,-0.000406
y8HXGm1-Ecw$_$7,3,文本,0,0.553035,0.08029,-0.009887,0.090176,0,0.0,0.078764,-0.010868
y9FyTEyGy5Y$_$1,3,文本,2,0.8609,-0.0174,-0.003016,-0.014384,0,0.0,-0.065701,-0.008888
zhE_68GMJIk$_$8,3,文本,2,0.644394,-0.058028,0.010901,-0.06893,0,0.0,-0.099606,0.026559
zhE_68GMJIk$_$5,3,文本,0,0.596121,-0.016241,-0.004681,-0.01156,0,0.0,-0.054291,-0.004115
zjYEBwXGD8I$_$13,3,文本,2,0.855889,0.034306,0.000441,0.033865,0,0.0,0.091747,0.001045
zjYEBwXGD8I$_$0,3,文本,2,0.740366,-0.019762,0.01799,-0.037752,0,0.0,0.002409,0.015618
zjYEBwXGD8I$_$2,3,文本,2,0.828884,0.04166,-0.004276,0.045935,0,0.0,0.106259,-0.021461
zjYEBwXGD8I$_$4,3,文本,2,0.482415,-0.006257,-0.000373,-0.005885,0,0.0,0.002007,0.000395
zjYEBwXGD8I$_$9,3,文本,2,0.895417,0.04815,-0.007391,0.055541,0,0.0,0.143679,-0.025133
zk2jTlAtvSU$_$3,3,文本,2,0.471108,0.061854,-0.009106,0.07096,1,0.0,0.086594,-0.008055
-UacrmKiTn4$_$7,5,文本,2,0.724517,-0.006493,0.001898,-0.008391,0,0.0,-0.010342,0.004091
-qDkUB0GgYY$_$5,5,文本,2,0.727811,0.011829,0.003078,0.008751,0,0.0,0.020829,0.002404
0utROiKxejc$_$1,5,文本,2,0.619746,0.077998,-0.030378,0.108376,0,0.0,0.098045,-0.043968
0utROiKxejc$_$4,5,文本,0,0.929969,-0.007706,0.001668,-0.009374,0,0.0,-0.036061,0.000355
0y022OlZ3W0$_$3,5,文本,2,0.861284,0.034801,-0.009044,0.043845,0,0.0,0.058017,-0.013405
0y022OlZ3W0$_$5,5,文本,0,0.874637,0.073821,-0.010858,0.084678,0,0.0,0.199855,-0.034378
0y022OlZ3W0$_$8,5,文本,2,0.529678,-0.00038,0.007268,-0.007647,0,0.0,0.017151,-0.006113
101787$_$11,5,音频,1,0.487527,-0.010263,0.004475,-0.014739,0,0.0,-0.02879,0.004932
101787$_$13,5,文本,0,0.659724,0.146837,-0.042229,0.189066,0,0.0,0.234781,-0.072118
101787$_$1,5,文本,0,0.564911,-0.040943,0.013433,-0.054376,0,0.0,-0.043954,0.002934
101787$_$5,5,文本,0,0.884882,0.429445,-0.056873,0.486318,0,0.0,0.732882,-0.293242
101787$_$7,5,文本,2,0.798942,0.187863,-0.050983,0.238846,0,0.0,0.261408,-0.078874
101787$_$9,5,音频,1,0.498812,0.026656,0.010205,0.016451,0,1.0,0.054594,-0.030022
102408$_$2,5,文本,1,0.431506,0.002985,-0.012402,0.015387,0,0.0,-0.033821,-0.060869
102408$_$5,5,音频,2,0.699937,-0.010647,0.021139,-0.031786,0,0.0,-0.056969,0.050601
102408$_$9,5,文本,0,0.82273,0.081598,-0.006373,0.087971,0,0.0,0.174812,-0.025811
102858$_$20,5,文本,0,0.464844,0.149037,-0.044847,0.193884,1,0.0,0.11334,-0.060252
102858$_$21,5,文本,0,0.511636,-0.070391,0.005504,-0.075894,0,0.0,-0.144603,0.007674
102858$_$1,5,音频,1,0.492093,0.010153,0.009807,0.000346,0,1.0,-0.043093,-0.011911
102858$_$4,5,文本,2,0.750476,0.022176,-0.011722,0.033897,0,0.0,0.042183,-0.031182
102858$_$6,5,音频,1,0.393206,0.033604,0.001586,0.032018,1,1.0,-0.108693,0.008541
102858$_$10,5,文本,2,0.864973,0.109048,-0.056716,0.165764,0,0.0,0.234365,-0.224157
102858$_$19,5,视觉,1,0.439046,0.053,-0.005829,0.058829,1,0.0,-0.087815,-0.0007
112433$_$3,5,音频,0,0.426092,-0.003827,0.002384,-0.00621,0,1.0,0.004014,-0.001372
112433$_$7,5,文本,0,0.487943,0.089478,0.00037,0.089109,0,0.0,0.08121,-0.016622
112433$_$6,5,文本,0,0.798464,0.108701,-0.007543,0.116244,0,0.0,0.174013,-0.013189
117tQqLjza4$_$6,5,文本,2,0.669435,0.027429,-0.01824,0.04567,0,0.0,0.078368,-0.061258
11j7EfglCAs$_$2,5,文本,2,0.624238,-0.03886,0.008632,-0.047492,0,0.0,-0.07365,0.016644
121128$_$10,5,文本,2,0.692546,0.034513,-0.004265,0.038778,0,0.0,0.0921,-0.023954
121128$_$1,5,文本,1,0.552481,0.02625,-9.9e-05,0.026349,0,0.0,-0.014796,-0.004493
121128$_$0,5,文本,1,0.577085,-0.016941,0.01319,-0.03013,0,0.0,0.084804,-0.024781
121128$_$5,5,文本,2,0.771753,0.052181,-0.012608,0.064788,0,0.0,0.277563,-0.113558
125344$_$0,5,文本,0,0.450814,0.101317,-0.005264,0.10658,1,1.0,-0.140354,0.009128
125676$_$0,5,文本,2,0.777522,0.074039,-0.035266,0.109305,0,0.0,0.138048,-0.092384
125676$_$4,5,文本,2,0.964196,0.005003,-0.003,0.008003,0,0.0,0.055112,-0.034719
128059$_$11,5,文本,0,0.941734,0.039171,-0.00596,0.045131,0,0.0,0.177185,-0.038658
128059$_$12,5,音频,1,0.400847,-0.000973,0.030793,-0.031766,0,1.0,0.03202,0.111599
128059$_$2,5,文本,0,0.539816,0.041859,-0.001247,0.043106,0,0.0,0.004762,0.035531
128059$_$7,5,文本,0,0.465482,0.020451,0.000797,0.019654,0,0.0,0.024315,0.007054
128059$_$6,5,文本,0,0.713083,0.01007,-0.003485,0.013555,0,0.0,0.021606,-0.010241
128059$_$9,5,文本,0,0.805645,0.047209,-0.007584,0.054793,0,0.0,0.140702,-0.031839
128763$_$12,5,文本,2,0.468503,0.047914,-0.016328,0.064242,0,1.0,0.00399,-0.050458
128763$_$3,5,文本,0,0.974292,0.017294,-0.000561,0.017855,0,0.0,0.191507,-0.030368
128763$_$2,5,文本,1,0.540587,-0.000317,-0.012088,0.01177,0,0.0,0.049107,-0.020126
128763$_$5,5,文本,1,0.554697,-0.021404,0.020436,-0.04184,0,0.0,-0.013106,0.013987
128763$_$7,5,文本,0,0.872074,0.076919,-0.021607,0.098526,0,0.0,0.164867,-0.069145
128763$_$8,5,文本,0,0.660558,0.156029,-0.048148,0.204176,0,0.0,0.136516,-0.03106
130456$_$11,5,文本,0,0.900602,0.011543,-0.001876,0.013419,0,0.0,0.025999,-0.018108
130456$_$3,5,文本,2,0.892939,0.028686,-0.012334,0.04102,0,0.0,0.087335,-0.054457
130456$_$5,5,文本,0,0.63696,0.186767,-0.060209,0.246976,0,0.0,0.151559,-0.050443
130456$_$4,5,音频,1,0.480576,-0.0006,0.021855,-0.022455,0,1.0,0.03226,-0.03088
130456$_$7,5,文本,0,0.606853,0.184966,-0.069807,0.254773,0,0.0,0.192602,-0.085431
130456$_$6,5,文本,0,0.716049,0.057906,-0.012206,0.070112,0,0.0,0.08883,-0.026332
188343$_$13,5,文本,0,0.73339,-0.057774,0.01893,-0.076705,0,0.0,-0.175671,0.037446
188343$_$12,5,文本,0,0.990283,-0.00054,0.00032,-0.000861,0,0.0,-0.02921,0.000647
188343$_$5,5,文本,0,0.691071,0.006139,0.007585,-0.001446,0,0.0,0.035142,0.015382
188343$_$9,5,文本,0,0.556578,-0.046181,0.029554,-0.075735,0,0.0,-0.131592,0.04376
188343$_$8,5,文本,0,0.965062,0.024934,-0.005368,0.030301,0,0.0,0.214816,-0.081312
1HK7Nea0PFo$_$1,5,文本,0,0.749233,0.099216,-0.007973,0.10719,0,0.0,0.19347,-0.028795
216097$_$1,5,文本,0,0.865777,0.076199,-0.008654,0.084853,0,0.0,0.185869,-0.029513
216097$_$2,5,文本,1,0.496137,-0.008071,-0.002251,-0.00582,0,0.0,-0.080528,0.035487
216097$_$5,5,文本,2,0.503972,-0.021996,0.013208,-0.035205,0,0.0,-0.015326,0.02014
216097$_$4,5,文本,0,0.850437,0.043421,-0.004677,0.048098,0,0.0,0.119443,-0.018149
216097$_$7,5,文本,2,0.801345,0.01783,-0.003398,0.021228,0,0.0,0.024229,-0.003735
216097$_$8,5,文本,0,0.954586,0.081021,-0.015491,0.096512,0,0.0,0.408913,-0.16515
223431$_$11,5,文本,0,0.834049,0.073518,-0.009843,0.083361,0,0.0,0.16668,-0.031544
223431$_$10,5,文本,2,0.599288,0.082736,-0.031125,0.113861,0,0.0,0.153368,-0.066223
223431$_$13,5,文本,0,0.929716,0.021922,0.000436,0.021486,0,0.0,0.085111,-0.001382
223431$_$5,5,音频,1,0.490296,-0.045008,-0.008822,-0.036185,0,0.0,-0.045664,-0.072807
225770$_$3,5,文本,0,0.558551,0.120937,-0.011942,0.132879,0,0.0,0.180126,-0.022031
225770$_$4,5,文本,1,0.600908,-0.006503,0.002767,-0.00927,0,0.0,-0.012079,0.005197
225770$_$6,5,音频,1,0.40701,-0.007098,0.00272,-0.009818,0,1.0,-0.015111,-0.013438
236021$_$12,5,视觉,2,0.818838,0.246523,-0.001072,0.247595,0,0.0,0.510804,0.007461
236021$_$1,5,文本,1,0.551693,0.008574,-0.000234,0.008808,0,0.0,0.030379,0.037286
236021$_$3,5,文本,0,0.906407,0.040985,0.032874,0.008111,0,0.0,0.13723,0.148152
236021$_$2,5,文本,2,0.606453,-0.112406,0.014445,-0.126851,0,0.0,-0.214092,0.022817
236021$_$5,5,文本,0,0.422669,-0.074196,0.026774,-0.100971,0,1.0,-0.209031,-0.007586
236021$_$4,5,文本,0,0.835447,0.065617,-0.00543,0.071047,0,0.0,0.147958,-0.01172
237009$_$11,5,文本,0,0.455927,-0.004973,0.062511,-0.067484,0,1.0,-0.029301,0.09199
237009$_$12,5,文本,0,0.923687,0.033559,-0.001528,0.035087,0,0.0,0.159746,-0.010277
237009$_$4,5,音频,2,0.536111,0.080041,-0.099169,0.17921,0,0.0,0.144992,-0.198602
237009$_$7,5,文本,0,0.963417,-0.013837,0.053839,-0.067676,0,0.0,-0.22596,0.388133
237009$_$9,5,文本,0,0.803526,0.181421,-0.041674,0.223095,0,0.0,0.334992,-0.111893
241629$_$10,5,文本,0,0.746528,-0.025093,0.007055,-0.032148,0,0.0,-0.078549,0.000626
241629$_$0,5,文本,2,0.863117,0.050402,-0.006909,0.057311,0,0.0,0.055643,0.000444
241629$_$3,5,文本,0,0.532068,-0.047184,-0.02753,-0.019655,0,0.0,0.022511,0.004367
241629$_$5,5,文本,0,0.50502,0.035229,0.000816,0.034413,0,0.0,0.010169,0.002143
241629$_$8,5,文本,0,0.96441,-0.001209,0.001042,-0.002251,0,0.0,-0.020847,0.010663
243646$_$11,5,文本,0,0.93175,0.024208,-0.004077,0.028284,0,0.0,0.119541,-0.018152
243646$_$12,5,文本,0,0.862578,0.016422,0.002995,0.013427,0,0.0,0.054043,0.004679
243646$_$8,5,文本,1,0.556405,0.010361,-0.005193,0.015554,0,0.0,-0.006834,-0.012086
247318$_$12,5,文本,0,0.959691,0.046892,-0.002916,0.049807,0,0.0,0.310942,-0.034273
247318$_$1,5,视觉,1,0.483961,-0.001357,0.051011,-0.052368,0,1.0,-0.029916,-0.044184
247318$_$3,5,文本,1,0.530436,0.003539,-0.003538,0.007078,0,0.0,0.099805,-0.01516
247318$_$2,5,视觉,1,0.41691,-0.00829,-0.015225,0.006935,0,0.0,-0.030968,-0.018265
247318$_$5,5,音频,1,0.344669,0.032177,-0.019907,0.052085,1,1.0,0.050524,-0.034268
247318$_$7,5,文本,0,0.969571,0.03561,0.009066,0.026543,0,0.0,0.157008,0.147062
247318$_$6,5,文本,1,0.564766,0.026868,-0.014457,0.041325,0,0.0,-0.039308,-0.04264
252998$_$1,5,文本,1,0.53704,0.004107,0.002841,0.001266,0,0.0,-0.022121,0.005505
252998$_$0,5,文本,1,0.487922,0.012724,-0.001255,0.013979,0,0.0,0.041933,-0.011621
252998$_$5,5,文本,0,0.994464,0.003217,-0.000401,0.003618,0,0.0,0.173811,-0.025452
252998$_$4,5,文本,0,0.843792,0.057416,-0.004745,0.062161,0,0.0,0.12755,-0.008713
252998$_$7,5,文本,0,0.758713,0.107461,-0.014946,0.122406,0,0.0,0.151655,-0.030359
252998$_$8,5,文本,1,0.534526,-0.017011,0.009141,-0.026152,0,0.0,0.016049,0.003756
257247$_$10,5,文本,0,0.631554,-0.013423,0.062036,-0.075459,0,0.0,0.089892,-0.045751
257247$_$12,5,文本,0,0.92745,0.032862,-0.009928,0.04279,0,0.0,0.157055,-0.061967
257247$_$2,5,视觉,1,0.57232,-0.009999,0.019365,-0.029364,0,0.0,0.025786,-0.048748
258654$_$1,5,文本,0,0.880299,-0.005873,0.004493,-0.010366,0,0.0,-0.065591,0.024278
258654$_$3,5,文本,0,0.864438,0.052779,0.000383,0.052396,0,0.0,0.142049,-0.005068
258654$_$4,5,文本,1,0.550679,-0.022083,-0.00048,-0.021603,0,0.0,0.050414,0.011832
266791$_$24,5,文本,0,0.940598,0.078532,-0.011882,0.090413,0,0.0,0.299106,-0.071925
266791$_$20,5,文本,0,0.49285,-0.027487,0.005587,-0.033074,0,0.0,-0.070173,0.007901
266791$_$21,5,文本,0,0.935407,0.004682,0.000143,0.004539,0,0.0,0.010154,0.003487
266791$_$23,5,文本,2,0.553395,0.009137,-0.000201,0.009337,0,0.0,0.018914,0.001017
266791$_$3,5,文本,0,0.488564,0.092148,-0.008464,0.100612,1,0.0,0.137307,-0.027045
266791$_$5,5,文本,0,0.864969,0.018373,0.001276,0.017097,0,0.0,0.020987,0.005992
266791$_$4,5,文本,0,0.745321,0.252317,-0.082517,0.334834,0,0.0,0.375908,-0.194303
266791$_$6,5,文本,1,0.578758,0.032507,-0.000843,0.03335,0,0.0,-0.077322,0.027348
266791$_$8,5,文本,0,0.586522,0.139089,-0.039781,0.17887,0,0.0,0.143537,-0.031753
266791$_$11,5,文本,0,0.543323,-0.006885,0.045517,-0.052401,0,0.0,-0.097714,0.075095
266791$_$14,5,文本,0,0.552789,0.029257,0.01289,0.016367,0,0.0,-0.016782,0.033566
270254$_$23,5,文本,0,0.511833,0.177075,-0.075805,0.252879,1,0.0,0.151172,-0.078709
270254$_$0,5,文本,2,0.643414,0.095625,-0.03263,0.128255,0,0.0,0.164242,-0.053652
270254$_$6,5,文本,0,0.427364,0.125105,-0.016386,0.141491,1,0.0,0.123709,-0.017938
270254$_$8,5,文本,0,0.964966,0.018995,-0.00051,0.019505,0,0.0,0.182296,-0.003181
270254$_$11,5,文本,2,0.778109,0.114567,-0.013606,0.128172,0,0.0,0.165976,-0.009884
270254$_$14,5,文本,1,0.440989,0.027526,-0.010431,0.037957,1,0.0,-0.087418,0.040209
270254$_$16,5,文本,0,0.571159,0.108685,-0.012169,0.120854,0,0.0,0.087733,0.000133
272624$_$10,5,文本,0,0.671324,0.048336,0.002296,0.04604,0,0.0,0.070615,0.004119
272624$_$13,5,文本,2,0.791464,0.027028,-0.004774,0.031803,0,0.0,0.047564,-0.012538
272624$_$12,5,音频,1,0.409387,0.002356,-0.001053,0.003409,0,0.0,0.012542,-0.012949
272624$_$16,5,文本,0,0.536251,0.089164,-0.002347,0.091511,0,0.0,0.094066,-0.005715
272624$_$18,5,音频,1,0.473995,-0.007737,0.017657,-0.025394,0,0.0,0.000744,-0.024984
272624$_$2,5,视觉,1,0.619708,0.010771,-0.005274,0.016045,0,0.0,-0.017805,0.008033
272624$_$6,5,音频,1,0.481074,0.007645,-0.007668,0.015313,0,0.0,-0.075093,-0.001009
272624$_$9,5,音频,2,0.500914,0.024322,-0.008359,0.032681,0,0.0,0.052708,-0.014814
272624$_$8,5,文本,0,0.796174,0.099765,-0.007666,0.107431,0,0.0,0.185982,-0.020054
273539$_$3,5,文本,0,0.940785,-0.008225,-0.000294,-0.007931,0,0.0,-0.055723,-0.024875
273539$_$9,5,文本,0,0.83847,0.073799,-0.018771,0.09257,0,0.0,0.167537,-0.062099
290546$_$3,5,文本,0,0.456038,0.130362,-0.029654,0.160016,1,0.0,0.099393,-0.040703
290546$_$5,5,文本,0,0.895494,0.047629,-0.002389,0.050018,0,0.0,0.158554,-0.015825
290546$_$7,5,文本,0,0.546464,0.079114,-0.004851,0.083965,0,0.0,0.089102,0.000128
2S00zYaVrtc$_$10,5,文本,0,0.547718,0.130445,-0.01844,0.148885,0,0.0,0.076733,-0.002279
2S00zYaVrtc$_$12,5,文本,2,0.880797,0.017901,0.002375,0.015525,0,0.0,0.016169,0.020084
2S00zYaVrtc$_$20,5,文本,2,0.945929,0.005224,-0.002674,0.007898,0,0.0,0.010696,-0.013079
2S00zYaVrtc$_$17,5,文本,2,0.714265,0.105341,-0.033569,0.13891,0,0.0,0.116585,-0.054055
2S00zYaVrtc$_$5,5,文本,2,0.974238,0.006639,-0.001286,0.007925,0,0.0,0.081442,-0.021175
2S00zYaVrtc$_$4,5,文本,2,0.840998,0.02676,-0.003663,0.030423,0,0.0,0.062302,-0.011787
2Xt31_d0XEE$_$2,5,文本,2,0.98256,-0.001754,0.001726,-0.00348,0,0.0,-0.01292,0.022846
31474$_$14,5,文本,2,0.619664,-0.047876,0.031348,-0.079224,0,0.0,-0.072175,0.042537
31474$_$0,5,文本,2,0.644588,0.066656,-0.008402,0.075058,0,0.0,0.126117,-0.021851
31474$_$3,5,音频,1,0.509834,0.00755,0.008301,-0.000751,0,0.0,-0.009854,-0.035678
31474$_$6,5,文本,0,0.996206,0.001312,-0.000149,0.001461,0,0.0,0.15198,-0.022729
31474$_$9,5,文本,0,0.723808,-0.010555,0.044126,-0.054681,0,0.0,-0.080561,0.078773
31474$_$8,5,文本,0,0.777679,0.243997,-0.077904,0.321901,0,0.0,0.304876,-0.120651
32681$_$1,5,文本,0,0.750492,0.146635,-0.032221,0.178856,0,0.0,0.263513,-0.104259
32681$_$3,5,文本,0,0.978093,0.005736,0.000258,0.005478,0,0.0,0.072745,0.007913
32681$_$5,5,文本,0,0.984737,-0.005214,0.001375,-0.006589,0,0.0,-0.162773,0.024215
32681$_$6,5,文本,0,0.917643,0.051898,-0.016428,0.068326,0,0.0,0.160234,-0.080585
33170$_$1,5,文本,0,0.483692,0.068459,-0.005344,0.073803,1,0.0,0.098208,-0.008792
33170$_$3,5,文本,0,0.605195,-0.058302,0.012063,-0.070365,0,0.0,-0.10729,0.013396
33170$_$4,5,文本,0,0.898165,0.057308,-0.005235,0.062543,0,0.0,0.178211,-0.027656
3MFNIag0wNE$_$12,5,文本,0,0.69027,0.034607,0.000588,0.034019,0,0.0,0.03021,0.005412
3MFNIag0wNE$_$14,5,文本,0,0.948546,0.043608,-0.004895,0.048503,0,0.0,0.22586,-0.044649
3MFNIag0wNE$_$16,5,文本,2,0.521744,0.102967,-0.014013,0.116981,0,0.0,0.137602,-0.020173
3MFNIag0wNE$_$7,5,文本,2,0.503789,0.075251,-0.009334,0.084585,0,0.0,0.09583,-0.012533
3V2qm0rw920$_$11,5,文本,2,0.800985,0.023855,-0.005437,0.029292,0,0.0,0.043157,-0.003859
3V2qm0rw920$_$13,5,文本,2,0.9905,-0.001108,-0.000537,-0.000571,0,0.0,-0.053212,-0.018687
3V2qm0rw920$_$3,5,文本,2,0.627374,0.049168,-0.0095,0.058668,0,0.0,0.060527,-0.020139
3j94B0pzSVs$_$12,5,文本,2,0.83094,-0.029628,0.021051,-0.05068,0,0.0,-0.110443,0.075811
3j94B0pzSVs$_$17,5,文本,0,0.650554,-0.00153,0.022261,-0.023791,0,0.0,-0.001152,0.030265
3j94B0pzSVs$_$1,5,文本,2,0.619811,0.117088,-0.015194,0.132282,0,0.0,0.166077,-0.019402
3j94B0pzSVs$_$0,5,音频,1,0.491094,-0.01069,0.006263,-0.016953,0,0.0,0.016584,-0.004979
4cFeG2ydm9A$_$8,5,文本,2,0.871019,0.02526,-0.000809,0.026069,0,0.0,0.052444,0.00333
4dV3slGSc60$_$10,5,文本,2,0.911099,-0.011087,0.006582,-0.017669,0,0.0,-0.045826,0.03001
4dV3slGSc60$_$12,5,文本,2,0.808627,-0.015893,0.002766,-0.018659,0,0.0,-0.012136,0.004519
4dV3slGSc60$_$22,5,文本,2,0.688696,0.048579,-0.006563,0.055141,0,0.0,0.081552,-0.011911
4dV3slGSc60$_$9,5,文本,2,0.791065,0.042504,-0.011732,0.054236,0,0.0,0.09428,-0.022931
4dV3slGSc60$_$8,5,文本,2,0.92262,0.029109,-0.008931,0.038041,0,0.0,0.129903,-0.050993
50103$_$3,5,文本,0,0.987746,5.3e-05,-0.000677,0.00073,0,0.0,-0.006536,-0.02317
5B0PQx3Ep3k$_$5,5,文本,2,0.895872,0.030598,-0.003527,0.034125,0,0.0,0.100295,-0.011381
5O1W39o56gg$_$1,5,文本,2,0.624834,0.03976,-0.020885,0.060646,0,0.0,0.072704,-0.043217
5O1W39o56gg$_$2,5,文本,2,0.478245,0.069841,-0.030154,0.099995,1,0.0,0.075882,-0.034535
5O1W39o56gg$_$9,5,文本,2,0.897801,0.040824,-0.003046,0.04387,0,0.0,0.145517,-0.028595
5i6AgQSjXO4$_$3,5,文本,2,0.785363,0.015013,-0.000212,0.015224,0,0.0,0.028846,6e-06
5i6AgQSjXO4$_$2,5,文本,2,0.869912,0.015962,-0.003931,0.019893,0,0.0,0.028566,-0.008768
5i6AgQSjXO4$_$6,5,文本,1,0.559615,-0.003479,0.000462,-0.003941,0,0.0,-0.005889,-0.003691
5kaCGzjYukM$_$0,5,文本,2,0.41191,0.027953,-0.002752,0.030705,1,1.0,0.040546,-0.004557
5kaCGzjYukM$_$3,5,视觉,0,0.43214,0.018299,-0.017888,0.036188,0,0.0,0.022223,-0.022632
5kaCGzjYukM$_$2,5,文本,0,0.821564,0.018282,-0.002701,0.020983,0,0.0,-0.009278,-0.004801
5kaCGzjYukM$_$5,5,文本,0,0.916592,0.017547,-0.004429,0.021975,0,0.0,0.094762,-0.026934
5kaCGzjYukM$_$7,5,文本,2,0.720446,0.110583,-0.008185,0.118768,0,0.0,0.175393,-0.012362
6KvG5VbLalY$_$9,5,文本,2,0.649884,0.007429,-0.000234,0.007663,0,0.0,0.009746,-0.000174
6ZA8I83x-oY$_$0,5,视觉,1,0.433311,-0.028979,0.046465,-0.075444,0,1.0,0.057777,-0.106445
6ZA8I83x-oY$_$2,5,文本,2,0.843837,0.044264,-0.000297,0.044561,0,0.0,0.106785,-0.002901
6hFiTU77Sm0$_$1,5,文本,2,0.563072,0.054912,-0.026613,0.081525,0,0.0,0.058703,-0.020978
6hFiTU77Sm0$_$2,5,音频,2,0.539699,-0.008208,-0.019749,0.011541,0,0.0,-0.04126,-0.028438
6uPGcKTpC4I$_$1,5,文本,2,0.762588,0.034404,-0.011004,0.045407,0,0.0,0.067855,-0.020876
6uPGcKTpC4I$_$2,5,文本,2,0.873346,0.025849,0.001584,0.024265,0,0.0,0.079364,0.005072
6uPGcKTpC4I$_$6,5,文本,2,0.793345,-0.005616,0.007719,-0.013335,0,0.0,0.005454,0.005292
70280$_$11,5,文本,0,0.890256,0.078513,-0.01769,0.096203,0,0.0,0.197703,-0.060041
70280$_$3,5,文本,0,0.521928,0.115132,-0.03648,0.151611,1,0.0,0.168188,-0.064011
70280$_$4,5,音频,2,0.508546,0.046679,-0.041584,0.088263,0,0.0,0.081588,-0.07479
70280$_$6,5,文本,0,0.787574,0.118424,-0.016386,0.13481,0,0.0,0.222421,-0.052624
75RGHaxmUK8$_$3,5,文本,2,0.716845,0.025384,-0.021018,0.046402,0,0.0,0.024507,-0.013845
75RGHaxmUK8$_$5,5,文本,1,0.625951,-0.00416,0.004581,-0.008741,0,0.0,-0.069125,0.025866
7_K3F-lAv1k$_$2,5,文本,2,0.686461,0.12183,-0.014875,0.136705,0,0.0,0.155115,-0.020713
7r4vRxKLFCA$_$6,5,文本,2,0.86584,0.088591,-0.010881,0.099472,0,0.0,0.203448,-0.035148
80566$_$1,5,文本,2,0.5464,0.075001,-0.025129,0.10013,0,0.0,0.083786,-0.020328
80566$_$0,5,音频,1,0.473631,0.078462,0.001108,0.077354,1,0.0,-0.03559,-0.019346
80566$_$3,5,文本,2,0.518624,0.024669,-0.020208,0.044877,0,0.0,0.034045,-0.028781
80566$_$2,5,文本,2,0.650105,0.060223,-0.014957,0.07518,0,0.0,0.09146,-0.012555
80566$_$4,5,文本,2,0.796383,-0.045035,0.050155,-0.09519,0,0.0,-0.130003,0.117596
80566$_$6,5,文本,0,0.847254,-0.023376,-0.004661,-0.018715,0,0.0,-0.085615,-0.024051
80855$_$11,5,文本,1,0.587604,-0.00131,-0.003913,0.002603,0,0.0,-0.012399,0.024685
80855$_$10,5,文本,1,0.624102,-0.009758,0.002896,-0.012654,0,0.0,-0.019842,0.001496
80855$_$12,5,文本,0,0.800068,-0.012617,0.005208,-0.017825,0,0.0,-0.04849,0.017514
80855$_$15,5,文本,2,0.613693,0.116467,-0.04475,0.161218,0,0.0,0.176139,-0.073128
80855$_$17,5,文本,0,0.880571,0.011681,-0.002511,0.014192,0,0.0,0.010698,-0.008342
80855$_$2,5,文本,1,0.471653,-0.055441,0.005229,-0.060669,0,0.0,0.189318,-0.017664
80855$_$20,5,音频,1,0.412412,0.000614,0.001964,-0.001349,0,0.0,-0.002159,-0.004988
830KzUc6CbU$_$0,5,文本,1,0.556122,0.001865,-0.00191,0.003775,0,0.0,-0.019938,-0.011014
830KzUc6CbU$_$13,5,文本,0,0.63272,0.052466,-0.002749,0.055215,0,0.0,0.070529,-0.004683
84140$_$0,5,文本,2,0.65499,0.105224,-0.013886,0.119109,0,0.0,0.151936,-0.026702
84140$_$5,5,文本,0,0.809686,0.117736,-0.006854,0.124591,0,0.0,0.219993,-0.013087
89835$_$1,5,文本,2,0.59627,-0.000742,0.001917,-0.002659,0,0.0,0.01219,-0.010067
89835$_$0,5,文本,2,0.761806,0.04406,0.005674,0.038386,0,0.0,0.062895,0.008291
89835$_$4,5,文本,0,0.626844,0.082516,-0.00173,0.084246,0,0.0,0.11756,-0.001915
89835$_$7,5,文本,0,0.978635,0.040831,-0.003085,0.043917,0,0.0,0.403934,-0.058948
8eaYvALnJ0o$_$1,5,文本,2,0.942935,0.045176,-0.005309,0.050484,0,0.0,0.197033,-0.037619
8eaYvALnJ0o$_$0,5,文本,2,0.976786,0.004945,0.002975,0.00197,0,0.0,0.029294,0.056609
8x_nCOh6Wmc$_$6,5,文本,2,0.685031,0.145316,-0.018043,0.163359,0,0.0,0.206956,-0.027101
96642$_$1,5,文本,0,0.624396,-0.095337,0.026322,-0.121659,0,0.0,-0.216592,0.056931
96642$_$3,5,文本,2,0.574214,0.17627,-0.053214,0.229485,1,0.0,0.261648,-0.081207
96642$_$2,5,文本,1,0.600715,-0.006391,0.006846,-0.013237,0,0.0,0.040869,-0.006977
96642$_$4,5,文本,0,0.980029,-0.002638,0.003194,-0.005832,0,0.0,-0.042892,0.05085
99501$_$10,5,文本,0,0.408812,-0.045979,0.049006,-0.094985,0,1.0,-0.096411,0.023023
99501$_$13,5,文本,0,0.870336,0.034563,0.003476,0.031087,0,0.0,0.072095,0.006656
99501$_$1,5,文本,2,0.57818,0.150037,-0.050828,0.200865,1,0.0,0.210705,-0.082226
99501$_$5,5,文本,0,0.830903,0.013168,0.002847,0.010321,0,0.0,0.029715,0.00739
99501$_$7,5,文本,2,0.70857,0.055873,-0.025201,0.081075,0,0.0,0.043199,-0.028967
9QI-9w_VdB4$_$0,5,文本,2,0.685724,0.032055,-0.010469,0.042524,0,0.0,0.05602,-0.02139
AG5EY8ZaFj4$_$3,5,文本,2,0.802628,-0.011357,0.005674,-0.017031,0,0.0,-0.073675,0.036411
AG5EY8ZaFj4$_$15,5,文本,2,0.587746,0.032564,-0.006876,0.03944,0,0.0,0.036241,-0.009754
Arh2TKRi_mg$_$15,5,文本,2,0.941456,-0.008097,0.002792,-0.010888,0,0.0,-0.077302,0.020773
Arh2TKRi_mg$_$14,5,文本,2,0.867111,0.053395,-0.016975,0.07037,0,0.0,0.129524,-0.051034
Arh2TKRi_mg$_$16,5,文本,2,0.708869,0.044146,-0.007272,0.051418,0,0.0,0.071609,-0.010492
Arh2TKRi_mg$_$19,5,文本,2,0.67562,0.087435,-0.020496,0.107931,0,0.0,0.123974,-0.032778
Arh2TKRi_mg$_$32,5,文本,2,0.984521,0.003164,-0.000364,0.003528,0,0.0,0.065484,-0.012268
Arh2TKRi_mg$_$28,5,文本,0,0.631398,0.19274,-0.052189,0.244929,0,0.0,0.253994,-0.088071
Arh2TKRi_mg$_$3,5,文本,2,0.758836,0.070886,-0.009941,0.080827,0,0.0,0.118451,-0.021516
AxNy9TeTLq8$_$0,5,文本,2,0.964616,0.016521,-0.001963,0.018485,0,0.0,0.152889,-0.027838
BSKAHXFYF_I$_$1,5,文本,1,0.489414,-0.0109,0.01049,-0.021389,0,0.0,0.021509,-0.021427
BSKAHXFYF_I$_$8,5,文本,2,0.510435,-0.009737,0.008959,-0.018696,0,0.0,-0.032314,0.017288
Baz0VVQ-E9E$_$10,5,文本,0,0.685713,0.151826,0.002652,0.149174,0,0.0,0.154743,0.026817
Baz0VVQ-E9E$_$1,5,文本,1,0.478432,0.017267,-0.010264,0.027531,0,0.0,-0.076043,0.02437
Baz0VVQ-E9E$_$5,5,文本,0,0.691575,0.102587,0.003712,0.098875,0,0.0,0.150987,0.009572
Baz0VVQ-E9E$_$7,5,文本,2,0.952767,-0.006494,0.001096,-0.00759,0,0.0,-0.068418,0.01011
CJGuudyvA0Y$_$4,5,视觉,2,0.415183,-0.011502,0.009491,-0.020993,0,1.0,-0.04282,-0.047007
CPjbogfLHR4$_$2,5,文本,2,0.62429,-0.041044,0.018491,-0.059535,0,0.0,-0.090971,0.02521
CPjbogfLHR4$_$5,5,文本,2,0.766212,0.045655,-0.00656,0.052215,0,0.0,0.079086,-0.006019
DdUJojoFU_c$_$11,5,文本,2,0.768976,0.015659,-0.007713,0.023372,0,0.0,0.013164,-0.007951
DdUJojoFU_c$_$15,5,文本,2,0.675081,-0.004383,0.012255,-0.016638,0,0.0,0.023726,0.002182
DdUJojoFU_c$_$14,5,文本,2,0.911913,0.032369,-0.005466,0.037835,0,0.0,0.108704,-0.019713
DdUJojoFU_c$_$17,5,视觉,2,0.574605,-0.029329,0.3075,-0.336829,0,1.0,-0.034544,0.434114
DdUJojoFU_c$_$16,5,文本,2,0.958903,0.003852,-0.000912,0.004764,0,0.0,0.018384,-0.012038
DdUJojoFU_c$_$2,5,音频,2,0.726956,0.042144,-0.010484,0.052628,0,0.0,0.063864,-0.002745
DdUJojoFU_c$_$6,5,视觉,2,0.663743,-0.032473,0.011872,-0.044345,0,0.0,-0.067514,0.026281
DdUJojoFU_c$_$8,5,视觉,2,0.698441,-0.008913,0.021115,-0.030028,0,0.0,-0.032544,0.05007
DlbYiwOnTyk$_$1,5,文本,2,0.56841,0.034117,-0.0067,0.040817,0,0.0,0.049869,-0.010218
E8MuzHUhUHk$_$15,5,文本,2,0.94233,-0.004682,0.006062,-0.010744,0,0.0,-0.054688,0.039085
E8MuzHUhUHk$_$14,5,文本,2,0.842957,0.091434,-0.023424,0.114858,0,0.0,0.20537,-0.06993
E8MuzHUhUHk$_$16,5,文本,2,0.94954,0.02799,-0.004716,0.032706,0,0.0,0.127223,-0.033316
E8MuzHUhUHk$_$2,5,文本,2,0.655531,0.053125,-0.016341,0.069465,0,0.0,0.054918,-0.014315
E8MuzHUhUHk$_$9,5,视觉,2,0.375456,0.012761,-0.02181,0.034571,0,0.0,0.002873,-0.010053
EEjCkc82oyk$_$7,5,文本,0,0.457912,0.137046,-0.028416,0.165462,1,0.0,0.131176,-0.024188
EEjCkc82oyk$_$9,5,文本,0,0.436552,0.183256,-0.032917,0.216173,1,0.0,0.205853,-0.037254
EQxkXiWAm08$_$8,5,文本,1,0.493114,0.018344,-0.00766,0.026004,0,0.0,0.01869,-0.00135
ET1cU5_A2YM$_$1,5,文本,0,0.74849,0.186496,-0.028681,0.215177,0,0.0,0.281966,-0.061959
ET1cU5_A2YM$_$3,5,文本,2,0.467301,0.03992,-0.044783,0.084703,0,0.0,0.059486,-0.088914
ET1cU5_A2YM$_$6,5,文本,0,0.707478,0.031858,-0.015548,0.047406,0,0.0,0.066513,-0.032102
EmmuWoCUgXs$_$22,5,文本,2,0.636554,0.040307,-0.023151,0.063458,0,0.0,0.027273,-0.015632
EmmuWoCUgXs$_$7,5,文本,0,0.530164,0.161958,-0.017844,0.179802,1,0.0,0.101842,-0.017701
Es9MkKsMsjU$_$10,5,文本,2,0.463202,0.031703,-0.006185,0.037887,0,0.0,0.05257,-0.007272
Es9MkKsMsjU$_$12,5,文本,0,0.723636,0.040677,0.003373,0.037304,0,0.0,0.067683,0.000831
Es9MkKsMsjU$_$2,5,文本,0,0.752313,0.061485,0.001666,0.059819,0,0.0,0.09797,0.002276
Es9MkKsMsjU$_$7,5,文本,0,0.892082,0.032815,-0.008018,0.040834,0,0.0,0.078107,-0.032132
Ezn3p5FWF_U$_$4,5,文本,2,0.960091,0.00127,9e-06,0.001261,0,0.0,0.011038,-0.001347
F1U26PLiXjM$_$1,5,文本,2,0.671435,0.035175,-0.004704,0.03988,0,0.0,0.038542,-0.005133
F6JV-K840EY$_$2,5,视觉,2,0.480439,-0.033519,0.053324,-0.086843,0,1.0,-0.032317,0.079443
FB_b1dm0SRY$_$10,5,文本,0,0.659737,-0.046176,0.02852,-0.074695,0,0.0,-0.137741,0.058344
FB_b1dm0SRY$_$0,5,文本,2,0.56263,0.126026,-0.028997,0.155023,0,0.0,0.159332,-0.037705
FB_b1dm0SRY$_$6,5,文本,0,0.467795,0.134694,-0.059785,0.194479,1,1.0,-0.149039,-0.082643
FB_b1dm0SRY$_$9,5,文本,0,0.636104,0.007306,-0.004958,0.012264,0,0.0,-0.01791,-0.005954
FB_b1dm0SRY$_$8,5,文本,2,0.850987,0.08728,-0.014799,0.102079,0,0.0,0.203451,-0.040996
FxxJB8hBpyQ$_$1,5,文本,0,0.622604,0.107609,-0.039939,0.147548,0,0.0,0.1254,-0.059067
Fy0Uid9afM8$_$0,5,音频,2,0.388122,-0.065245,0.004683,-0.069927,0,1.0,-0.076141,-0.01665
Fy0Uid9afM8$_$3,5,文本,1,0.471694,-0.028905,0.013247,-0.042152,0,0.0,-0.016592,-0.039793
Fy0Uid9afM8$_$5,5,文本,0,0.462955,0.045079,-0.015252,0.060331,0,0.0,0.072091,-0.026383
H1DpVwktfDQ$_$0,5,文本,0,0.613303,-0.017468,0.052601,-0.070068,0,0.0,-0.014024,0.055663
HGicRLwgtkM$_$1,5,文本,2,0.664844,0.019914,-0.007515,0.027429,0,0.0,0.034827,-0.017226
HGicRLwgtkM$_$3,5,视觉,2,0.711193,-0.045071,0.047618,-0.092689,0,0.0,-0.073614,0.07963
HGicRLwgtkM$_$2,5,文本,2,0.795229,0.037215,-0.012318,0.049533,0,0.0,0.072961,-0.029229
HGicRLwgtkM$_$6,5,文本,2,0.834135,0.111072,-0.021368,0.13244,0,0.0,0.209705,-0.048833
HmXXW45eZL4$_$1,5,文本,2,0.601864,-0.083984,0.011752,-0.095736,0,0.0,-0.144278,0.020474
HmXXW45eZL4$_$4,5,文本,0,0.921122,0.077787,-0.013251,0.091038,0,0.0,0.297415,-0.092583
IM6HW1HwHhM$_$11,5,音频,2,0.427285,0.015315,0.008055,0.00726,0,1.0,0.036234,-0.002474
IM6HW1HwHhM$_$15,5,文本,2,0.8151,0.036844,-0.010368,0.047212,0,0.0,0.061551,-0.015763
IM6HW1HwHhM$_$17,5,文本,2,0.872205,0.019229,0.003242,0.015987,0,0.0,0.063545,0.004675
IUmxJNs2zaY$_$3,5,文本,2,0.537282,0.061487,-0.004815,0.066302,0,0.0,0.057342,-0.000947
IUmxJNs2zaY$_$2,5,音频,1,0.477413,0.023058,-0.012418,0.035476,0,0.0,-0.083318,0.018862
JAnRCQ9A0vI$_$1,5,文本,2,0.699074,0.03628,-0.001045,0.037325,0,0.0,0.047614,0.00103
JAnRCQ9A0vI$_$0,5,文本,2,0.566317,0.051472,-0.023764,0.075236,0,0.0,0.044596,-0.020529
JAnRCQ9A0vI$_$3,5,文本,2,0.881024,0.054455,-0.00932,0.063775,0,0.0,0.165296,-0.036216
JAnRCQ9A0vI$_$2,5,文本,2,0.902533,0.011374,-0.00158,0.012954,0,0.0,0.048463,-0.006257
JAnRCQ9A0vI$_$5,5,文本,2,0.761403,0.062555,-0.006532,0.069086,0,0.0,0.107349,-0.011442
JAnRCQ9A0vI$_$4,5,文本,2,0.573282,0.019758,-0.000243,0.020002,0,0.0,0.028325,-0.000261
JAnRCQ9A0vI$_$8,5,文本,2,0.904479,0.041523,-0.004472,0.045995,0,0.0,0.14464,-0.01956
JOK1SSmPtFw$_$10,5,文本,2,0.491204,0.049619,-0.020842,0.070461,1,0.0,0.087263,-0.027179
JOK1SSmPtFw$_$13,5,文本,2,0.788446,0.051454,-0.007764,0.059219,0,0.0,0.074169,-0.004153
JOK1SSmPtFw$_$14,5,文本,1,0.462853,-0.002081,0.00508,-0.007161,0,1.0,-0.000255,-0.008948
JOK1SSmPtFw$_$16,5,文本,1,0.490577,-0.030489,0.015742,-0.046231,0,0.0,0.064258,-0.019827
JOK1SSmPtFw$_$0,5,文本,2,0.969815,0.019948,-0.002019,0.021968,0,0.0,0.171827,-0.020975
JOK1SSmPtFw$_$5,5,文本,2,0.627486,0.02772,-0.007588,0.035307,0,0.0,0.037736,-0.012591
JOK1SSmPtFw$_$4,5,文本,2,0.53758,0.132592,-0.082813,0.215405,1,0.0,0.177969,-0.100825
JOK1SSmPtFw$_$8,5,文本,2,0.469845,0.018174,-0.005595,0.023769,1,1.0,0.038572,-0.028556
JPT38CA3sGI$_$1,5,视觉,2,0.668577,0.028568,-0.014462,0.04303,0,0.0,0.065453,-0.037794
JPT38CA3sGI$_$0,5,文本,2,0.795672,0.018871,0.007247,0.011624,0,0.0,0.047278,0.006893
JPT38CA3sGI$_$5,5,文本,2,0.787759,0.01023,0.00364,0.00659,0,0.0,0.050007,0.000735
JVpF99zuQhA$_$0,5,文本,2,0.558294,0.050954,-0.012192,0.063146,0,0.0,0.072235,-0.028921
JVpF99zuQhA$_$2,5,视觉,1,0.482281,0.009184,0.01051,-0.001326,0,1.0,0.01374,-0.015368
JVpF99zuQhA$_$4,5,视觉,1,0.495786,0.00723,-0.026396,0.033627,0,0.0,0.030878,-0.007716
K0m1tO3Ybyc$_$15,5,文本,2,0.846189,0.080159,-0.023331,0.10349,0,0.0,0.175774,-0.063629
K0m1tO3Ybyc$_$8,5,视觉,2,0.724069,-0.006038,0.031237,-0.037275,0,0.0,-0.012193,0.04744
K8gp7ncdUl8$_$5,5,文本,2,0.522143,0.027292,-0.005198,0.03249,0,0.0,0.036735,-0.004161
KDjl2exStlI$_$10,5,音频,1,0.65263,0.097378,0.177841,-0.080462,0,0.0,-0.088592,-0.072006
KDjl2exStlI$_$13,5,文本,1,0.580065,-0.016867,0.006877,-0.023745,0,0.0,0.025566,-0.00855
KDjl2exStlI$_$5,5,音频,2,0.665353,0.238168,-0.098662,0.33683,1,0.0,0.647011,-0.344122
KDjl2exStlI$_$4,5,文本,1,0.548094,-0.011626,0.001292,-0.012918,0,0.0,-0.02007,-0.017681
KkKWFZZmmCM$_$1,5,文本,2,0.859142,-0.005826,0.000771,-0.006597,0,0.0,-0.046443,0.006089
KpMCvUyQCXg$_$1,5,音频,2,0.472889,-0.00332,0.038065,-0.041385,0,1.0,0.000491,0.055255
KpMCvUyQCXg$_$3,5,音频,1,0.399174,0.077891,0.00827,0.069621,1,1.0,-0.153316,-0.073142
KpMCvUyQCXg$_$5,5,文本,2,0.701386,0.037417,-0.006723,0.04414,0,0.0,0.069928,-0.013102
L1eFHRQGFeg$_$2,5,音频,2,0.43474,-0.010287,-0.00434,-0.005947,0,0.0,-0.009827,-0.01198
MCsvw5-7lVE$_$1,5,文本,2,0.904507,0.054191,-0.006233,0.060423,0,0.0,0.174629,-0.031697
MCsvw5-7lVE$_$2,5,文本,2,0.87215,-0.01261,0.001125,-0.013735,0,0.0,-0.051377,0.000694
MCsvw5-7lVE$_$4,5,文本,2,0.785751,0.050911,-0.018949,0.06986,0,0.0,0.06997,-0.028998
MMpo2bDk-DU$_$10,5,文本,2,0.530175,0.047169,-0.014517,0.061686,0,0.0,0.05597,-0.011149
MMpo2bDk-DU$_$17,5,音频,2,0.433948,-0.046984,0.029575,-0.076559,0,1.0,-0.06984,0.055562
MMpo2bDk-DU$_$16,5,音频,2,0.43214,-0.011756,0.013391,-0.025147,0,1.0,-0.013671,0.038401
MMpo2bDk-DU$_$19,5,文本,2,0.924272,0.079597,-0.011518,0.091115,0,0.0,0.267399,-0.067852
MjaaudUc5-4$_$1,5,文本,0,0.805953,0.061518,-0.016772,0.078291,0,0.0,0.118714,-0.035714
MjaaudUc5-4$_$0,5,文本,2,0.543012,0.023328,-0.00261,0.025938,0,0.0,-0.043772,0.034748
MjaaudUc5-4$_$3,5,文本,2,0.705481,0.083185,-0.030648,0.113833,0,0.0,0.1204,-0.050059
MjaaudUc5-4$_$6,5,文本,0,0.441551,0.170429,-0.129013,0.299442,1,0.0,0.221032,-0.161177
MoQmPA7Q07Q$_$1,5,文本,2,0.807527,0.056267,-0.007994,0.064261,0,0.0,0.10681,-0.016702
MoQmPA7Q07Q$_$2,5,文本,2,0.996059,0.001338,-2.5e-05,0.001364,0,0.0,0.086134,-0.001911
N1X63d_jgmw$_$5,5,文本,2,0.664001,0.025878,-0.004315,0.030193,0,0.0,0.038796,-0.004894
N5xfBtD6rLY$_$7,5,文本,2,0.542901,-0.004091,0.030888,-0.034979,0,0.0,0.000838,0.047568
NoZsdSGnNpI$_$7,5,文本,2,0.748666,0.058311,-0.009012,0.067323,0,0.0,0.11344,-0.019294
Nrurc5sMUOE$_$5,5,文本,0,0.799447,0.13447,-0.013243,0.147713,0,0.0,0.240855,-0.030475
Nrurc5sMUOE$_$7,5,视觉,1,0.420654,0.002978,0.013502,-0.010524,0,1.0,-0.075461,0.015987
Nrurc5sMUOE$_$8,5,文本,0,0.570307,0.112279,-0.011835,0.124113,0,0.0,0.126012,-0.016953
NzvNW7vP-Co$_$5,5,文本,2,0.860972,0.010287,-0.000467,0.010754,0,0.0,0.028752,-0.002084
NzvNW7vP-Co$_$4,5,音频,1,0.556279,-4.8e-05,0.009628,-0.009676,0,0.0,0.058209,0.027652
NzvNW7vP-Co$_$7,5,文本,2,0.751372,0.077951,-0.011782,0.089734,0,0.0,0.119329,-0.019871
OLP0nCKwU6k$_$6,5,音频,1,0.436304,-0.008646,0.002394,-0.01104,0,0.0,0.003161,-0.016946
OrYBtyO0aPI$_$1,5,文本,0,0.547417,0.063569,-0.005698,0.069267,0,0.0,0.079425,-0.008061
OrYBtyO0aPI$_$4,5,文本,2,0.873294,0.035478,0.007779,0.027699,0,0.0,0.043533,0.036529
PboaYD5hlG8$_$10,5,文本,2,0.710187,0.009937,-0.001203,0.01114,0,0.0,0.011981,0.00104
PboaYD5hlG8$_$3,5,文本,2,0.845234,0.056598,-0.018449,0.075046,0,0.0,0.121094,-0.051537
PboaYD5hlG8$_$2,5,文本,1,0.512924,-0.008287,0.002294,-0.010581,0,0.0,0.038815,-0.009073
PboaYD5hlG8$_$7,5,音频,1,0.396012,0.001946,-0.003188,0.005134,0,1.0,0.013189,0.008485
PboaYD5hlG8$_$9,5,视觉,2,0.529046,0.000108,0.000177,-6.9e-05,0,0.0,9.2e-05,0.00036
PboaYD5hlG8$_$8,5,文本,0,0.611281,0.059991,0.003569,0.056422,0,0.0,0.062828,0.000824
Pt-D0LUHDSc$_$2,5,文本,2,0.894922,0.020307,-0.003116,0.023423,0,0.0,0.066313,-0.018159
PwapK9d8IGk$_$4,5,音频,1,0.400061,0.006279,-0.000757,0.007035,0,0.0,-0.033714,0.012321
PyQrAYl1bFs$_$0,5,文本,2,0.859457,0.006163,-0.003356,0.009518,0,0.0,0.079587,-0.050252
PyQrAYl1bFs$_$3,5,文本,2,0.973362,-0.008076,0.006198,-0.014274,0,0.0,-0.147066,0.086766
PyQrAYl1bFs$_$4,5,文本,2,0.811001,0.048636,-0.012423,0.061059,0,0.0,0.091178,-0.036953
Q4WzApjaCNI$_$0,5,文本,2,0.716151,0.041649,-0.018932,0.06058,0,0.0,0.050422,-0.026165
Q7S0tX4FUNA$_$4,5,文本,2,0.469893,0.037457,-0.00334,0.040797,1,1.0,0.043603,-7.1e-05
Q7S0tX4FUNA$_$7,5,音频,2,0.474514,0.050341,-0.018946,0.069287,0,0.0,0.187172,-0.016242
Q7S0tX4FUNA$_$8,5,音频,2,0.453447,0.03254,-0.001506,0.034045,0,0.0,0.031914,0.015232
Qa6Yz62V-Yc$_$0,5,文本,2,0.525864,0.082494,-0.01296,0.095454,0,0.0,0.118341,-0.017604
QjcQx8_PQfw$_$10,5,文本,2,0.892211,0.079319,-0.010155,0.089475,0,0.0,0.20439,-0.040028
QjcQx8_PQfw$_$7,5,视觉,1,0.417983,0.019191,-0.016183,0.035374,0,0.0,-0.020693,0.010745
QpchvHpGFc8$_$3,5,文本,2,0.510257,0.119727,-0.027422,0.147149,1,0.0,0.175034,-0.038105
RArhIHk4Qs4$_$13,5,视觉,1,0.477311,0.105619,1.5e-05,0.105604,1,0.0,-0.144609,0.006274
RArhIHk4Qs4$_$17,5,文本,0,0.449631,0.242017,-0.083948,0.325965,1,0.0,0.198295,-0.090298
RArhIHk4Qs4$_$16,5,文本,0,0.579705,0.178507,-0.049074,0.22758,1,0.0,0.242316,-0.070083
RArhIHk4Qs4$_$19,5,文本,1,0.570959,0.007415,-0.009208,0.016623,0,0.0,0.02146,-0.004883
RArhIHk4Qs4$_$1,5,文本,2,0.60647,0.007828,0.001016,0.006812,0,0.0,0.026674,0.003188
RArhIHk4Qs4$_$2,5,文本,2,0.385041,-0.059684,0.001526,-0.06121,0,0.0,0.016313,-0.004339
RArhIHk4Qs4$_$7,5,文本,2,0.506747,0.064124,-0.02464,0.088764,0,0.0,0.071643,-0.028163
RArhIHk4Qs4$_$6,5,文本,0,0.600962,0.133077,-0.032979,0.166056,0,0.0,0.164194,-0.044938
RArhIHk4Qs4$_$8,5,文本,0,0.424405,0.099401,-0.059236,0.158637,1,0.0,-0.002341,-0.102286
RArhIHk4Qs4$_$21,5,文本,2,0.86631,0.042784,-0.009089,0.051873,0,0.0,0.067824,0.002913
ROcTx5VEn7o$_$11,5,文本,2,0.583183,0.05817,-0.011665,0.069835,0,0.0,0.070204,-0.01398
ROcTx5VEn7o$_$1,5,文本,2,0.463399,0.04276,-0.022922,0.065682,1,0.0,0.093366,-0.053837
ROcTx5VEn7o$_$5,5,音频,1,0.449806,0.004629,0.009848,-0.005219,0,0.0,0.009473,0.016728
ROcTx5VEn7o$_$9,5,文本,1,0.495715,0.022238,-0.010608,0.032847,0,0.0,0.001849,-0.01134
RrGpzInAwCg$_$0,5,视觉,2,0.591606,-0.003256,-0.008053,0.004798,0,0.0,0.001968,-0.016687
RzOFxDk26p0$_$1,5,文本,2,0.952446,0.065561,-0.004506,0.070067,0,0.0,0.327279,-0.037508
RzOFxDk26p0$_$0,5,视觉,1,0.520469,0.000858,-0.000288,0.001146,0,0.0,-0.001928,-0.002134
SHa756SwGJQ$_$2,5,文本,2,0.703493,0.041383,-0.003919,0.045303,0,0.0,0.062395,-0.004531
SHa756SwGJQ$_$4,5,音频,1,0.476978,0.017144,-0.03049,0.047634,0,0.0,0.061014,-0.070902
SHa756SwGJQ$_$7,5,音频,1,0.458618,0.028143,-0.017525,0.045668,0,0.0,-0.054199,0.028408
SHa756SwGJQ$_$6,5,文本,2,0.606101,0.034294,-0.013486,0.04778,0,0.0,0.071053,-0.038438
TH32jop4FiI$_$15,5,音频,1,0.461152,0.001625,-0.010516,0.012141,0,0.0,-0.076804,0.010339
TH32jop4FiI$_$17,5,文本,2,0.790442,0.012432,-0.002963,0.015395,0,0.0,0.025276,-0.007907
TWszOxkOV0w$_$1,5,文本,0,0.427035,0.075633,-0.001163,0.076796,1,1.0,-0.10342,-0.007061
TXCXFYIc3Yo$_$16,5,文本,2,0.437193,-0.031,0.008031,-0.039031,0,0.0,-0.016533,0.007847
TXCXFYIc3Yo$_$2,5,文本,2,0.610117,-0.021613,0.001877,-0.023491,0,0.0,-0.041709,0.004024
TXCXFYIc3Yo$_$7,5,文本,2,0.449408,-0.077305,-0.01391,-0.063395,0,0.0,-0.122936,-0.02186
TXCXFYIc3Yo$_$6,5,文本,2,0.690122,-0.019727,-0.000802,-0.018925,0,0.0,-0.034409,0.00263
TYJzg5IJN8o$_$11,5,视觉,2,0.44015,0.002351,-0.000597,0.002948,0,0.0,0.005666,-0.001092
TYJzg5IJN8o$_$10,5,视觉,1,0.42096,0.000919,-0.001748,0.002667,0,0.0,0.002128,0.000237
TYJzg5IJN8o$_$14,5,文本,2,0.914915,0.015285,-0.004741,0.020026,0,0.0,0.070602,-0.022114
TYJzg5IJN8o$_$0,5,文本,2,0.846223,0.020825,-0.00431,0.025135,0,0.0,0.060369,-0.009115
TYJzg5IJN8o$_$4,5,文本,2,0.80477,0.018297,-0.007553,0.02585,0,0.0,0.041313,-0.017167
TYJzg5IJN8o$_$7,5,文本,2,0.966105,-0.005036,0.002805,-0.007841,0,0.0,-0.081491,0.03157
Uc_6d-fkZEc$_$3,5,文本,2,0.942237,0.019737,-0.006426,0.026163,0,0.0,0.09008,-0.033838
UlTJmndbGHM$_$1,5,文本,2,0.989887,0.003637,-0.000732,0.004369,0,0.0,0.08708,-0.022679
UlTJmndbGHM$_$4,5,文本,0,0.681877,0.076866,-0.014397,0.091263,0,0.0,0.119706,-0.024504
VbV9S4svrTg$_$13,5,文本,2,0.840324,-0.036044,0.063614,-0.099658,0,0.0,-0.051674,0.101845
VbV9S4svrTg$_$3,5,文本,2,0.831726,-0.019342,0.009948,-0.02929,0,0.0,-0.069621,0.033525
VbV9S4svrTg$_$7,5,文本,2,0.969985,0.011194,0.000808,0.010386,0,0.0,0.080493,0.030317
VbV9S4svrTg$_$8,5,文本,2,0.83729,0.05836,-0.0202,0.07856,0,0.0,0.117731,-0.050064
VinxKpWioTo$_$1,5,文本,2,0.978197,0.014237,-1.1e-05,0.014247,0,0.0,0.164524,-0.00257
VinxKpWioTo$_$0,5,文本,2,0.727347,0.038426,0.008154,0.030272,0,0.0,0.019243,0.061983
VinxKpWioTo$_$3,5,文本,2,0.895181,0.009473,-0.000623,0.010096,0,0.0,0.008992,-0.000465
VinxKpWioTo$_$5,5,文本,2,0.955255,0.009986,-0.001886,0.011872,0,0.0,0.038319,-0.007182
ViyQVpGW05w$_$1,5,视觉,2,0.642236,-0.002859,0.029997,-0.032856,0,0.0,0.000315,0.057416
ViyQVpGW05w$_$4,5,视觉,2,0.561458,-0.0062,0.047789,-0.053988,0,0.0,0.031718,0.05942
ViyQVpGW05w$_$6,5,文本,0,0.62816,0.110531,-0.018737,0.129268,0,0.0,0.161893,-0.031629
Vuay0mVKkik$_$3,5,文本,2,0.642073,0.011288,0.006456,0.004832,0,0.0,0.022984,0.010761
WmQF5RmbsVQ$_$6,5,文本,2,0.664779,0.062349,-0.00554,0.067888,0,0.0,0.082198,-0.010592
Wrcf2xtqbkQ$_$9,5,文本,1,0.483144,-0.000321,-0.000675,0.000354,0,0.0,-0.010799,0.005831
Wrcf2xtqbkQ$_$8,5,文本,2,0.620919,0.031552,-0.010872,0.042424,0,0.0,0.028018,-0.012155
WxajvjGKz7Y$_$0,5,文本,2,0.496104,0.022513,-0.009378,0.031891,0,0.0,0.018242,-0.009495
WxajvjGKz7Y$_$3,5,视觉,1,0.462004,0.007235,-0.003078,0.010312,0,0.0,-0.008596,0.010313
WxajvjGKz7Y$_$6,5,视觉,1,0.460972,-0.00172,-0.002345,0.000626,0,0.0,0.009968,0.002856
XIGpuL-Kkyk$_$12,5,文本,2,0.690073,0.146822,-0.02502,0.171842,0,0.0,0.213996,-0.043163
XIGpuL-Kkyk$_$0,5,音频,2,0.430931,-0.07256,-0.115537,0.042977,0,0.0,-0.176901,-0.174231
XIGpuL-Kkyk$_$4,5,文本,2,0.957442,0.035884,-0.003431,0.039314,0,0.0,0.218839,-0.0277
XIGpuL-Kkyk$_$7,5,文本,2,0.706381,0.109241,-0.014822,0.124063,0,0.0,0.074203,0.019891
XaVYxIW0FDg$_$2,5,文本,2,0.579308,0.026105,-0.003417,0.029521,0,0.0,0.03873,-0.003088
XyP8bVmGX6M$_$4,5,文本,2,0.967868,0.022843,-0.002869,0.025713,0,0.0,0.185434,-0.034634
XzVapdEr_GY$_$3,5,文本,2,0.855284,0.133687,-0.021135,0.154822,0,0.0,0.25756,-0.065781
XzVapdEr_GY$_$4,5,文本,2,0.941558,0.05188,-0.005731,0.057611,0,0.0,0.22503,-0.03564
Y7h-S3cJ52o$_$0,5,文本,2,0.723635,0.045448,-0.033586,0.079033,0,0.0,0.012381,-0.025332
Y7qkyMyanjU$_$2,5,文本,2,0.424691,0.003161,-0.007064,0.010225,0,0.0,0.030601,-0.043841
Y7qkyMyanjU$_$4,5,文本,2,0.541489,0.048355,-0.017854,0.066209,0,0.0,0.10308,-0.053661
YbuG8xyUO-o$_$3,5,音频,1,0.529969,0.075106,-0.002152,0.077257,0,0.0,-0.081977,-0.045977
YbuG8xyUO-o$_$2,5,文本,1,0.610449,0.003692,0.002306,0.001386,0,0.0,0.047854,-0.004799
Z7L3V5bwzI0$_$2,5,文本,2,0.912358,0.075732,-0.00958,0.085311,0,0.0,0.210885,-0.049251
ZaoFHcbRM9g$_$3,5,音频,2,0.667445,0.022144,-0.041134,0.063278,0,0.0,0.043399,-0.089154
ZaoFHcbRM9g$_$5,5,音频,0,0.403808,0.069865,-0.244981,0.314847,1,0.0,0.008403,-0.413284
ZaoFHcbRM9g$_$8,5,文本,0,0.842058,0.074006,0.012273,0.061733,0,0.0,0.242413,-0.031021
Zvisaa77Cng$_$1,5,文本,2,0.609221,0.209703,-0.05999,0.269694,0,0.0,0.34804,-0.101507
Zvisaa77Cng$_$5,5,文本,2,0.685253,0.038867,-0.007976,0.046843,0,0.0,0.027191,0.000983
_7HVhnSYX1Y$_$26,5,文本,2,0.602206,0.06266,-0.035431,0.098091,0,0.0,0.083605,-0.044495
_7HVhnSYX1Y$_$12,5,文本,2,0.725459,0.012323,-0.001015,0.013338,0,0.0,-0.000457,0.007566
_7HVhnSYX1Y$_$14,5,文本,2,0.790774,0.004492,0.006924,-0.002432,0,0.0,-0.039993,0.051065
_7HVhnSYX1Y$_$19,5,文本,1,0.430656,-0.00153,-0.001129,-0.000402,0,1.0,0.020405,-0.004858
_7HVhnSYX1Y$_$31,5,文本,2,0.808036,0.028318,-0.012202,0.04052,0,0.0,0.068264,-0.035071
_7HVhnSYX1Y$_$3,5,文本,2,0.729356,0.076712,-0.014269,0.090982,0,0.0,0.100919,-0.016301
_BvNNdEkhZA$_$14,5,文本,0,0.577001,0.0384,-0.027497,0.065897,0,0.0,0.074896,-0.046222
_BvNNdEkhZA$_$19,5,文本,2,0.561469,0.042804,-0.005712,0.048516,0,0.0,0.048678,-0.004725
_BvNNdEkhZA$_$7,5,文本,2,0.683251,0.072433,-0.012228,0.084662,0,0.0,0.092039,-0.011395
_BvNNdEkhZA$_$6,5,文本,0,0.539095,0.060456,-0.007607,0.068063,0,0.0,0.087585,-0.020373
_BvNNdEkhZA$_$9,5,音频,1,0.477316,-0.008664,-0.032984,0.02432,0,0.0,0.208101,0.099637
_aZDaIfGfPo$_$1,5,文本,2,0.944766,0.028278,-0.003369,0.031646,0,0.0,0.152991,-0.025241
_aZDaIfGfPo$_$0,5,文本,2,0.900824,0.033993,-0.006116,0.040109,0,0.0,0.111221,-0.02497
_gr7o5ynhnw$_$13,5,文本,2,0.591577,0.022506,-0.003098,0.025605,0,0.0,0.039953,-0.003435
_gr7o5ynhnw$_$12,5,文本,2,0.80521,0.051449,-0.030046,0.081495,0,0.0,0.077249,-0.051299
_gr7o5ynhnw$_$15,5,文本,2,0.951811,0.032333,-0.00205,0.034382,0,0.0,0.194964,-0.017401
_gzYkdjNvPc$_$12,5,文本,2,0.588556,0.015515,0.00826,0.007255,0,0.0,0.002274,0.016452
_gzYkdjNvPc$_$17,5,文本,0,0.95534,-0.009181,0.007737,-0.016918,0,0.0,-0.111734,0.067842
_gzYkdjNvPc$_$1,5,音频,1,0.410848,0.01879,-0.014415,0.033205,0,0.0,-0.082647,-0.018589
_gzYkdjNvPc$_$3,5,视觉,1,0.509814,1.4e-05,0.005224,-0.00521,0,0.0,0.002727,-0.011221
_gzYkdjNvPc$_$2,5,文本,0,0.804247,0.291169,-0.023191,0.31436,0,0.0,0.356853,-0.039217
_gzYkdjNvPc$_$5,5,文本,2,0.477763,0.069862,-0.032202,0.102064,1,0.0,0.059184,-0.029348
_gzYkdjNvPc$_$4,5,文本,2,0.561905,0.018966,-2e-05,0.018986,0,0.0,0.028411,0.001413
_gzYkdjNvPc$_$6,5,音频,1,0.398807,0.001307,0.014348,-0.01304,0,1.0,-0.014525,-0.064309
_gzYkdjNvPc$_$9,5,音频,1,0.388763,0.060536,0.014657,0.045879,1,0.0,0.022341,0.030304
a-WihYDk6vc$_$8,5,文本,2,0.750182,0.015049,0.001866,0.013182,0,0.0,0.028881,0.003838
a-WihYDk6vc$_$0,5,文本,2,0.857948,0.045468,-0.015522,0.06099,0,0.0,0.079863,-0.03474
aFhc2ddipoM$_$14,5,文本,2,0.939834,0.006247,-0.001387,0.007634,0,0.0,0.026749,-0.005168
aK5tRCXjUvU$_$0,5,文本,2,0.807387,-0.002634,-0.005287,0.002654,0,0.0,0.048266,-0.04168
b-FX9NOVQOM$_$1,5,音频,2,0.411526,-0.001307,0.005116,-0.006423,0,0.0,0.009576,0.015275
b-FX9NOVQOM$_$4,5,文本,2,0.570541,0.01231,0.004621,0.007688,0,0.0,0.030464,0.009268
b1LEcg6z66g$_$0,5,文本,0,0.518792,0.141969,-0.012828,0.154796,1,0.0,0.180921,-0.024294
b1LEcg6z66g$_$4,5,文本,2,0.79383,-0.011556,0.002704,-0.01426,0,0.0,-0.021194,0.002075
b1LEcg6z66g$_$8,5,文本,0,0.800379,0.170558,-0.029063,0.199622,0,0.0,0.270335,-0.066278
bAkUEnPoucg$_$3,5,文本,2,0.822261,0.150386,-0.028612,0.178998,0,0.0,0.254922,-0.062386
bNQkb4K5DX0$_$3,5,音频,2,0.419266,-0.000398,-0.00696,0.006562,0,1.0,0.016141,-0.011119
bNQkb4K5DX0$_$7,5,文本,2,0.897181,0.006167,-0.001851,0.008017,0,0.0,0.017572,-0.00827
bWunvAd96zI$_$1,5,文本,2,0.584625,-0.001858,-0.004688,0.002831,0,0.0,0.010758,-0.009857
bWunvAd96zI$_$2,5,文本,0,0.403785,0.14146,-0.03383,0.17529,1,0.0,0.174435,-0.04439
bWunvAd96zI$_$5,5,文本,2,0.53793,-0.049433,0.034348,-0.083781,0,0.0,-0.105387,0.074755
bWunvAd96zI$_$4,5,文本,2,0.827724,0.184221,-0.040872,0.225092,0,0.0,0.292097,-0.09651
bj9e8w4vNxo$_$12,5,文本,2,0.743487,0.04934,-0.00825,0.057591,0,0.0,0.07594,-0.014066
bpvYdXVlgvc$_$1,5,视觉,2,0.486177,0.080281,0.013478,0.066803,0,0.0,0.123073,0.010004
bpvYdXVlgvc$_$3,5,文本,0,0.447944,0.097193,-0.027365,0.124558,0,0.0,0.121255,-0.039168
bpvYdXVlgvc$_$4,5,文本,0,0.685073,0.099315,-0.0278,0.127115,0,0.0,0.192306,-0.074314
bpvYdXVlgvc$_$6,5,文本,0,0.705843,0.04406,-0.009972,0.054032,0,0.0,0.08527,-0.026053
c1a1y9ytHH0$_$0,5,文本,2,0.684509,0.033703,-0.004856,0.03856,0,0.0,0.066179,-0.006623
c1a1y9ytHH0$_$3,5,文本,2,0.522958,-0.017513,0.000768,-0.018281,0,0.0,-0.009304,0.002849
c1a1y9ytHH0$_$7,5,文本,2,0.755907,0.051377,-0.011322,0.062699,0,0.0,0.097425,-0.023584
c5cB7AfVgcE$_$12,5,文本,2,0.777408,0.023727,-0.006136,0.029863,0,0.0,0.050658,-0.0127
c5cB7AfVgcE$_$5,5,文本,2,0.612942,0.066807,-0.008105,0.074912,0,0.0,0.090613,-0.012851
d8BR6hsvzoY$_$1,5,文本,2,0.609853,0.03217,-0.004576,0.036746,0,0.0,0.042021,-0.005916
d8BR6hsvzoY$_$0,5,文本,1,0.607501,-0.002996,-0.00224,-0.000755,0,0.0,-0.064775,0.038843
d8BR6hsvzoY$_$2,5,文本,2,0.521502,-0.01224,0.001488,-0.013728,0,0.0,0.018503,-0.002199
d8BR6hsvzoY$_$5,5,视觉,1,0.482141,0.098525,0.001597,0.096929,1,0.0,-0.080982,-0.000298
d8BR6hsvzoY$_$6,5,文本,1,0.569417,0.013362,-0.018039,0.031401,0,0.0,-0.040238,-0.009414
d8BR6hsvzoY$_$9,5,视觉,1,0.504254,0.003221,-0.005359,0.00858,0,0.0,0.003131,-0.007306
d8BR6hsvzoY$_$8,5,文本,2,0.445796,0.008207,-0.002805,0.011012,0,0.0,0.003435,-0.000853
dBWvtPeHpWM$_$4,5,文本,2,0.841249,0.076029,0.000895,0.075135,0,0.0,0.172272,-0.00718
dEDbm2ubVRQ$_$0,5,文本,2,0.468066,0.020203,-0.01705,0.037253,0,0.0,0.0317,-0.034511
dEDbm2ubVRQ$_$3,5,音频,2,0.383635,-0.029062,0.026633,-0.055695,0,1.0,-0.042975,0.031031
dEDbm2ubVRQ$_$8,5,文本,2,0.533765,0.011735,-0.011286,0.023021,0,0.0,0.005381,-0.00287
dt641WxonBI$_$1,5,文本,2,0.779741,0.041509,-0.017071,0.05858,0,0.0,0.099111,-0.062963
dt641WxonBI$_$3,5,文本,2,0.543258,0.044338,-0.010774,0.055112,0,0.0,0.06393,-0.015058
eOiC1kb17P4$_$0,5,文本,2,0.834564,0.022545,-0.005051,0.027597,0,0.0,0.061104,-0.012483
erNDEjQeox8$_$12,5,文本,2,0.716652,0.131529,-0.012657,0.144186,0,0.0,0.208077,-0.023008
ewBrNsyY82Q$_$4,5,文本,2,0.524919,0.043025,-0.005083,0.048108,0,0.0,0.073605,-0.012091
fWOIAxzBQFY$_$12,5,音频,2,0.512615,0.000309,-0.015601,0.015911,0,0.0,0.048089,-0.016593
fWOIAxzBQFY$_$5,5,文本,2,0.918469,0.062657,-0.016528,0.079185,0,0.0,0.195191,-0.067946
fWOIAxzBQFY$_$7,5,文本,2,0.764917,0.082141,-0.011222,0.093363,0,0.0,0.130518,-0.02485
f_ZJ7L14oYQ$_$11,5,文本,2,0.642086,0.059037,-0.012926,0.071962,0,0.0,0.103137,-0.01889
f_ZJ7L14oYQ$_$27,5,文本,2,0.533396,0.035268,0.005227,0.030041,0,1.0,0.072123,-0.025649
f_ZJ7L14oYQ$_$21,5,文本,0,0.960022,0.013999,-0.000293,0.014293,0,0.0,0.127207,-0.010334
f_ZJ7L14oYQ$_$17,5,文本,0,0.602978,-0.020493,0.01249,-0.032983,0,0.0,-0.02692,0.014607
f_ZJ7L14oYQ$_$9,5,文本,2,0.612815,-0.013521,0.007475,-0.020996,0,0.0,-0.010381,0.01055
f_ZJ7L14oYQ$_$8,5,文本,2,0.755813,0.083431,-0.018844,0.102275,0,0.0,0.162008,-0.042581
ffrJ91swyq0$_$1,5,文本,2,0.799122,0.083093,-0.008777,0.09187,0,0.0,0.153445,-0.020339
g8Cl74tS3oY$_$2,5,文本,0,0.450225,0.081027,-0.026323,0.10735,0,0.0,0.088192,-0.033658
g8Cl74tS3oY$_$6,5,文本,2,0.888334,0.021956,-0.002118,0.024074,0,0.0,0.072738,-0.006444
gR4gM_WXesQ$_$10,5,视觉,2,0.41909,-0.035649,0.038532,-0.074181,0,1.0,-0.026804,0.042256
gR4gM_WXesQ$_$26,5,文本,0,0.390854,0.054305,-0.017967,0.072272,1,1.0,0.046015,-0.012839
gR4gM_WXesQ$_$20,5,文本,2,0.841439,0.037479,-0.003987,0.041466,0,0.0,0.09293,-0.010635
gR4gM_WXesQ$_$24,5,文本,0,0.499529,0.029119,-0.002875,0.031994,0,0.0,0.028802,-0.006181
gR4gM_WXesQ$_$18,5,文本,0,0.602065,0.134755,-0.025733,0.160487,0,0.0,0.158253,-0.032801
gR4gM_WXesQ$_$3,5,文本,2,0.415582,0.02213,-0.010064,0.032194,0,0.0,0.014745,-0.008945
gR4gM_WXesQ$_$4,5,文本,2,0.94065,0.017671,-0.003348,0.021019,0,0.0,0.125659,-0.030263
gR4gM_WXesQ$_$8,5,文本,2,0.567031,0.029711,0.001557,0.028154,0,0.0,0.021759,0.013059
gVqs4TzqySw$_$1,5,文本,2,0.73847,0.051212,-0.008381,0.059593,0,0.0,0.069215,-0.011929
gVqs4TzqySw$_$3,5,文本,2,0.543266,0.032246,-0.009558,0.041804,0,0.0,0.062056,-0.023795
gVqs4TzqySw$_$2,5,文本,2,0.733214,0.020231,-0.0091,0.029331,0,0.0,0.041154,-0.016367
goMtnNHQ_z4$_$1,5,文本,2,0.723512,0.05243,-0.021634,0.074064,0,0.0,0.065381,-0.027991
goMtnNHQ_z4$_$2,5,文本,2,0.921801,0.049136,-0.010092,0.059228,0,0.0,0.186299,-0.052116
goMtnNHQ_z4$_$13,5,文本,2,0.842388,-0.001344,0.000166,-0.00151,0,0.0,-0.008751,0.009375
goMtnNHQ_z4$_$12,5,文本,2,0.499187,0.010936,-0.006429,0.017365,0,0.0,-0.002043,-0.001943
hqzF4IDaIYE$_$0,5,音频,2,0.493922,0.041858,-0.02915,0.071007,0,0.0,0.057104,-0.030239
hqzF4IDaIYE$_$3,5,文本,2,0.837446,0.009961,-0.001306,0.011266,0,0.0,0.01628,0.00066
hqzF4IDaIYE$_$2,5,文本,2,0.878532,0.016505,-0.00379,0.020295,0,0.0,0.047666,-0.012183
hqzF4IDaIYE$_$4,5,文本,2,0.743674,0.032219,-0.00066,0.032879,0,0.0,0.078067,-0.008737
hvfaYsv7p8E$_$0,5,文本,0,0.531572,0.124063,-0.01633,0.140393,0,0.0,0.122863,-0.016805
iUXqlrui25c$_$10,5,音频,2,0.359709,-0.027609,-0.000739,-0.02687,0,0.0,-0.029846,-0.020885
iUXqlrui25c$_$21,5,文本,2,0.572074,0.010856,-0.002262,0.013118,0,0.0,0.01415,-0.003693
iUXqlrui25c$_$23,5,文本,2,0.603723,-0.017908,0.002419,-0.020327,0,0.0,-0.024461,0.003148
icbUzboLcDQ$_$0,5,文本,2,0.928202,0.077191,-0.013051,0.090242,0,0.0,0.280103,-0.064621
ioupaiAuRr0$_$5,5,文本,2,0.771295,0.111431,-0.020899,0.13233,0,0.0,0.154847,-0.038804
ioupaiAuRr0$_$4,5,音频,1,0.426797,0.011814,-0.00266,0.014474,0,0.0,-0.012665,0.008786
jICmfLeFymA$_$16,5,文本,2,0.977332,0.017458,-0.003505,0.020963,0,0.0,0.215935,-0.067838
jPrEKz1rAno$_$11,5,文本,2,0.470022,0.060969,-0.022827,0.083796,1,0.0,0.046068,-0.029371
jPrEKz1rAno$_$7,5,文本,2,0.521689,0.005484,0.002752,0.002733,0,0.0,0.002868,0.00353
jPrEKz1rAno$_$6,5,视觉,1,0.456087,-0.003163,0.000849,-0.004012,0,0.0,-0.008064,-0.003978
k5ZOshC2LP4$_$1,5,视觉,2,0.600662,0.001241,-0.000842,0.002083,0,0.0,0.004552,-0.002632
kbGhEJ4W44o$_$0,5,音频,2,0.576691,-0.004926,0.012785,-0.017711,0,0.0,-0.009521,0.023807
kfsO4c0Ekes$_$7,5,文本,2,0.984135,-0.00175,-9e-05,-0.00166,0,0.0,-0.056033,-0.000139
kvUb78Rdzdc$_$3,5,文本,2,0.892087,0.061272,-0.002114,0.063385,0,0.0,0.179551,-0.006739
lO87-4Kf0cQ$_$2,5,文本,1,0.514309,-0.011336,0.007385,-0.018721,0,0.0,0.013982,-0.002415
lO87-4Kf0cQ$_$5,5,文本,2,0.465515,0.052688,-0.008394,0.061082,1,0.0,0.08154,-0.017363
lWf5hHRHIDs$_$11,5,文本,2,0.914191,-0.019578,0.018181,-0.037759,0,0.0,-0.081421,0.061382
lawHYX5eB20$_$1,5,视觉,1,0.467228,0.067444,-0.000772,0.068216,1,0.0,-0.085064,0.005959
lawHYX5eB20$_$2,5,文本,2,0.685829,0.022309,-0.003023,0.025332,0,0.0,0.052185,-0.007737
mHGaQ_nv9UY$_$13,5,音频,1,0.423848,0.023048,-0.011385,0.034433,1,1.0,-0.013792,-0.026911
mHGaQ_nv9UY$_$14,5,文本,2,0.619394,-0.02677,0.010299,-0.037069,0,0.0,-0.027554,0.014872
mHGaQ_nv9UY$_$17,5,文本,2,0.556949,0.010347,0.003987,0.00636,0,0.0,-0.011163,0.005948
mHGaQ_nv9UY$_$22,5,文本,0,0.657265,0.040211,0.015017,0.025195,0,0.0,0.04252,0.017686
mHGaQ_nv9UY$_$5,5,文本,0,0.481854,0.041949,-0.015084,0.057033,0,0.0,0.027013,-0.018375
mHGaQ_nv9UY$_$4,5,文本,0,0.671793,0.257101,-0.0474,0.304502,0,0.0,0.364137,-0.080187
mLW-jn67gRE$_$20,5,文本,2,0.802507,0.058539,-0.005102,0.063641,0,0.0,0.09092,-0.006721
mLW-jn67gRE$_$17,5,文本,2,0.607755,-0.019734,-0.002521,-0.017213,0,0.0,-0.042862,0.002892
mLW-jn67gRE$_$1,5,音频,1,0.396522,0.037534,0.004455,0.033079,0,0.0,0.000265,-0.102573
mLW-jn67gRE$_$3,5,音频,1,0.488373,-0.001993,-0.0109,0.008907,0,0.0,-0.013435,0.027775
mLW-jn67gRE$_$5,5,文本,2,0.548115,0.010752,0.000722,0.01003,0,0.0,-0.001173,0.007343
mLW-jn67gRE$_$6,5,文本,0,0.591897,0.10384,-0.004967,0.108807,0,0.0,0.105649,-0.005863
mLW-jn67gRE$_$9,5,音频,1,0.397112,0.110727,0.017397,0.09333,1,1.0,-0.25581,0.02701
mjpCK2Edsv8$_$0,5,文本,2,0.977091,0.02098,-0.001783,0.022762,0,0.0,0.240309,-0.030931
nUZYqTRSGDw$_$4,5,文本,0,0.898641,0.017229,0.000629,0.0166,0,0.0,0.06956,-0.007624
nyzIL6YAonY$_$5,5,文本,2,0.881647,0.01948,-0.001275,0.020754,0,0.0,0.065577,-0.000694
nyzIL6YAonY$_$6,5,文本,2,0.813414,0.012503,0.001731,0.010773,0,0.0,0.030878,-0.000448
ooAF6I-fmTg$_$3,5,音频,1,0.366887,-0.001179,0.015471,-0.01665,0,1.0,-0.006725,-0.037776
ooAF6I-fmTg$_$5,5,音频,1,0.429792,0.007174,0.026826,-0.019652,0,1.0,-0.012458,-0.017779
ooAF6I-fmTg$_$7,5,文本,0,0.870089,0.12955,-0.024551,0.154101,0,0.0,0.310061,-0.087458
pOrk7fl1AYo$_$1,5,文本,1,0.430058,0.000868,-0.001692,0.00256,0,1.0,0.043878,-0.012725
pOrk7fl1AYo$_$3,5,文本,2,0.758276,0.074781,-0.017386,0.092167,0,0.0,0.131703,-0.032963
pOrk7fl1AYo$_$2,5,文本,1,0.38675,-0.015944,0.016047,-0.031991,0,1.0,0.12166,-0.117265
pOrk7fl1AYo$_$4,5,音频,1,0.372885,0.013392,0.000304,0.013087,0,0.0,0.037529,-0.01631
q9yDL81QppI$_$1,5,文本,2,0.45056,0.030825,-0.017189,0.048014,1,1.0,0.033972,-0.016439
q9yDL81QppI$_$0,5,文本,2,0.500089,0.055418,-0.014423,0.069841,0,0.0,0.054267,-0.013909
q9yDL81QppI$_$2,5,文本,2,0.521068,0.049906,-0.013282,0.063187,0,0.0,0.05471,-0.013881
qK77ZmbqmOM$_$9,5,音频,1,0.406681,0.019829,-0.007061,0.02689,0,0.0,0.048847,0.010367
qK77ZmbqmOM$_$0,5,文本,2,0.483234,0.021814,-0.009032,0.030846,0,0.0,0.038075,-0.015595
qY1sXq-YCHs$_$8,5,音频,1,0.40966,0.011674,-0.058413,0.070086,0,0.0,-0.012187,0.132195
qmMSumMloAs$_$1,5,文本,2,0.987476,0.003826,8.3e-05,0.003743,0,0.0,0.094882,-0.002593
qmMSumMloAs$_$3,5,文本,2,0.985001,0.003077,2e-06,0.003075,0,0.0,0.071498,-0.002808
qmMSumMloAs$_$2,5,文本,2,0.956618,0.011542,-0.001838,0.01338,0,0.0,0.107867,-0.023005
r13W4H8ZhqI$_$12,5,音频,2,0.379303,-0.050692,0.04191,-0.092602,0,1.0,0.053532,-0.096321
r13W4H8ZhqI$_$1,5,文本,2,0.601503,0.036258,-0.004942,0.041201,0,0.0,0.049533,-0.0061
r13W4H8ZhqI$_$5,5,音频,1,0.460219,0.017318,0.001346,0.015972,0,0.0,-0.082486,0.00185
r13W4H8ZhqI$_$8,5,文本,2,0.645492,0.090239,-0.01624,0.106478,0,0.0,0.102231,-0.025767
r5ijC2W9ddk$_$8,5,文本,2,0.910469,0.003999,-0.003066,0.007065,0,0.0,-0.001647,-0.008895
r5ijC2W9ddk$_$0,5,文本,1,0.472892,0.017656,-0.004826,0.022482,0,0.0,0.038963,-0.01016
r9tgDqXEcuc$_$4,5,文本,2,0.627879,0.019588,-0.007196,0.026783,0,0.0,0.025273,-0.007649
rf0yDSeVEUA$_$1,5,文本,2,0.970853,0.003786,-0.000667,0.004453,0,0.0,0.047657,-0.007472
rf0yDSeVEUA$_$0,5,文本,2,0.970665,0.0482,-0.005065,0.053265,0,0.0,0.377895,-0.074597
rf0yDSeVEUA$_$3,5,文本,2,0.789631,-0.048794,0.006964,-0.055758,0,0.0,-0.124406,0.018616
rojyUp4FPSg$_$26,5,文本,2,0.756706,0.019969,-0.006339,0.026307,0,0.0,0.049224,-0.010312
rojyUp4FPSg$_$20,5,音频,2,0.47979,0.00915,-0.00793,0.01708,0,1.0,0.015851,-0.017042
rojyUp4FPSg$_$21,5,文本,2,0.938289,0.023585,-0.00109,0.024675,0,0.0,0.120458,-0.01921
rojyUp4FPSg$_$23,5,文本,2,0.826767,0.131028,-0.025026,0.156054,0,0.0,0.106821,0.017882
rojyUp4FPSg$_$5,5,文本,1,0.410113,-0.006879,0.000239,-0.007117,0,1.0,0.096695,-0.012814
rojyUp4FPSg$_$7,5,文本,2,0.896414,0.038539,-0.00684,0.045379,0,0.0,0.128802,-0.02783
rojyUp4FPSg$_$9,5,文本,0,0.601024,0.157874,-0.024826,0.1827,0,0.0,0.172923,-0.039739
rojyUp4FPSg$_$10,5,文本,2,0.926562,0.049588,-0.007889,0.057477,0,0.0,0.19437,-0.030964
rojyUp4FPSg$_$12,5,文本,2,0.943038,0.029643,0.002257,0.027386,0,0.0,0.102781,0.071979
rojyUp4FPSg$_$16,5,文本,2,0.755449,0.163226,-0.066995,0.230222,0,0.0,0.287076,-0.154903
rojyUp4FPSg$_$18,5,文本,2,0.659215,0.031675,-0.011099,0.042774,0,0.0,0.052829,-0.017211
rojyUp4FPSg$_$37,5,文本,2,0.81605,-0.021744,0.01043,-0.032175,0,0.0,-0.008913,0.000406
rojyUp4FPSg$_$36,5,文本,2,0.873136,0.079346,0.005883,0.073462,0,0.0,0.131716,0.038894
rojyUp4FPSg$_$34,5,文本,2,0.807822,0.040968,-0.00478,0.045748,0,0.0,0.072589,-0.01083
rojyUp4FPSg$_$32,5,文本,2,0.896954,0.137604,-0.027003,0.164607,0,0.0,0.298732,-0.071775
rwNlqh0k1j4$_$15,5,文本,2,0.766458,0.016424,0.001052,0.015372,0,0.0,0.029675,0.00219
rwNlqh0k1j4$_$3,5,文本,0,0.952202,0.064342,-0.012139,0.076481,0,0.0,0.342827,-0.118749
rwNlqh0k1j4$_$2,5,文本,2,0.653384,0.043193,-0.0087,0.051893,0,0.0,0.088335,-0.022475
rwNlqh0k1j4$_$7,5,文本,0,0.54176,0.023156,-0.00611,0.029266,0,0.0,0.04338,-0.015502
sC16n1k66io$_$2,5,文本,2,0.872667,0.087666,-0.01105,0.098716,0,0.0,0.202779,-0.0367
sC16n1k66io$_$16,5,文本,2,0.862128,-0.02412,0.041509,-0.065629,0,0.0,-0.110108,0.126075
sPremsknoLM$_$1,5,文本,1,0.385777,0.007352,-0.008095,0.015447,1,0.0,0.052914,-0.031141
ssqiwP19JhM$_$10,5,音频,2,0.428642,0.014731,-0.011518,0.026249,0,0.0,0.029448,-0.020866
ssqiwP19JhM$_$2,5,视觉,2,0.53631,-0.004112,0.017426,-0.021538,0,0.0,0.00044,0.017773
szic2IB9HB4$_$5,5,文本,2,0.417958,-0.030179,0.024862,-0.055041,0,1.0,-0.05713,0.020676
tQ-CIfgj-Js$_$3,5,文本,0,0.382696,0.054391,0.011289,0.043102,1,1.0,-0.069225,-0.028237
tXQpm-nKxNA$_$5,5,文本,2,0.984753,0.012576,-0.002886,0.015462,0,0.0,0.221893,-0.080423
tXQpm-nKxNA$_$7,5,文本,2,0.937092,0.008632,-0.00298,0.011612,0,0.0,0.029319,-0.018519
uacdDoBtT1k$_$0,5,文本,0,0.767243,0.070983,-0.006858,0.077841,0,0.0,0.124041,-0.01729
uacdDoBtT1k$_$6,5,文本,0,0.754934,0.08819,-0.010645,0.098835,0,0.0,0.126058,-0.017786
unNY4zIk8MM$_$1,5,文本,2,0.961731,0.035494,-0.004825,0.040319,0,0.0,0.238418,-0.053651
unNY4zIk8MM$_$3,5,文本,2,0.719067,-0.037929,0.019381,-0.05731,0,0.0,-0.061205,0.031978
unNY4zIk8MM$_$5,5,文本,2,0.847423,0.067571,-0.014199,0.08177,0,0.0,0.163651,-0.042318
unNY4zIk8MM$_$8,5,文本,2,0.522133,-0.0217,0.013607,-0.035308,0,0.0,-0.064706,0.035141
uooIiW6dEyg$_$1,5,文本,0,0.77557,0.050942,0.036825,0.014117,0,0.0,0.146831,0.031526
uooIiW6dEyg$_$5,5,文本,2,0.750266,0.070962,-0.005555,0.076517,0,0.0,0.118743,-0.005828
v2Rr-EsJda8$_$6,5,文本,2,0.689682,0.117936,-0.043433,0.16137,0,0.0,0.129946,-0.049254
v9gjg7TDlTA$_$0,5,文本,0,0.715953,0.088129,-0.044751,0.13288,0,0.0,0.093747,-0.054727
v9gjg7TDlTA$_$4,5,文本,0,0.731464,0.168582,-0.030799,0.199381,0,0.0,0.225897,-0.066315
vHzbn_YW76s$_$3,5,文本,0,0.602302,-0.003526,0.039833,-0.043359,0,0.0,-0.069598,0.064854
vU0a4F36Ksw$_$13,5,文本,2,0.696852,0.008345,-0.001644,0.009989,0,0.0,0.016845,-0.003575
vU0a4F36Ksw$_$12,5,文本,2,0.826392,0.001496,0.001212,0.000284,0,0.0,0.007183,0.001347
vU0a4F36Ksw$_$17,5,文本,2,0.605086,-0.014878,0.011336,-0.026214,0,0.0,-0.009512,0.016383
vU0a4F36Ksw$_$0,5,文本,2,0.955005,0.006674,-0.001061,0.007735,0,0.0,0.072351,-0.01187
vU0a4F36Ksw$_$3,5,文本,2,0.952021,0.06326,-0.009185,0.072445,0,0.0,0.314615,-0.063582
vU0a4F36Ksw$_$5,5,文本,2,0.574976,-0.017515,0.015391,-0.032905,0,0.0,-0.033739,0.03053
vU0a4F36Ksw$_$7,5,文本,2,0.704356,0.086516,-0.012427,0.098943,0,0.0,0.150378,-0.029279
vbr3EA8cJTI$_$0,5,文本,2,0.965801,0.013502,-0.001573,0.015075,0,0.0,0.090356,-0.008013
vbr3EA8cJTI$_$2,5,文本,2,0.776497,-0.004256,0.013024,-0.01728,0,0.0,0.00608,0.019834
vbr3EA8cJTI$_$7,5,音频,2,0.543049,0.009542,0.0465,-0.036959,0,0.0,0.021238,0.094402
vbr3EA8cJTI$_$6,5,文本,2,0.962244,0.007331,-0.000812,0.008143,0,0.0,0.050298,-0.003548
wF8980oGklk$_$24,5,文本,2,0.729392,0.152339,-0.030715,0.183054,0,0.0,0.22751,-0.057564
wF8980oGklk$_$25,5,文本,2,0.952943,0.020089,-0.004455,0.024544,0,0.0,0.132339,-0.040769
wF8980oGklk$_$1,5,文本,2,0.546585,-0.064282,0.085432,-0.149713,0,0.0,-0.025884,0.056547
wF8980oGklk$_$0,5,文本,2,0.512447,-0.018247,-0.003706,-0.014541,0,0.0,-0.029008,-0.004803
wF8980oGklk$_$3,5,音频,1,0.499575,-0.000992,-0.009247,0.008255,0,0.0,0.033139,0.024959
wF8980oGklk$_$2,5,文本,0,0.784006,0.474864,-0.010567,0.485431,1,0.0,0.561773,-0.029312
wF8980oGklk$_$6,5,文本,2,0.740905,0.091503,-0.009997,0.1015,0,0.0,0.149437,-0.017129
wF8980oGklk$_$17,5,文本,2,0.977136,0.020547,-0.001591,0.022138,0,0.0,0.247633,-0.039386
wosolsrH3sM$_$6,5,文本,2,0.639246,-0.139523,0.016826,-0.156348,0,0.0,-0.247045,0.021535
x-zGBp7axao$_$3,5,文本,2,0.583546,-0.029783,0.005606,-0.03539,0,0.0,-0.058689,0.013139
x2lOwQaAn4g$_$4,5,文本,2,0.990837,0.008172,-0.00123,0.009402,0,0.0,0.209584,-0.044926
xUgAP84vsg4$_$15,5,文本,2,0.98724,0.015729,-0.002699,0.018428,0,0.0,0.284147,-0.091424
xUgAP84vsg4$_$4,5,文本,2,0.949125,0.026036,-0.0045,0.030536,0,0.0,0.114675,-0.029382
xUgAP84vsg4$_$8,5,文本,2,0.684189,0.124321,-0.071818,0.196139,0,0.0,0.121172,-0.083123
xivYoEUQ5sk$_$5,5,文本,2,0.95502,0.026231,-0.002004,0.028236,0,0.0,0.18269,-0.018174
xivYoEUQ5sk$_$4,5,文本,2,0.9892,0.00807,-0.001131,0.009201,0,0.0,0.190918,-0.036992
xjsaS-LeZ14$_$20,5,文本,2,0.455146,-0.07709,0.019336,-0.096426,0,1.0,-0.067689,0.020993
xjsaS-LeZ14$_$14,5,文本,2,0.758431,0.049524,-0.009787,0.059311,0,0.0,0.061086,-0.015176
xjsaS-LeZ14$_$6,5,文本,2,0.79584,0.078667,-0.005543,0.084211,0,0.0,0.140493,-0.012513
y8HXGm1-Ecw$_$7,5,文本,0,0.553035,0.033475,0.006656,0.026819,0,0.0,0.044105,0.003448
y9FyTEyGy5Y$_$1,5,文本,2,0.8609,0.014178,-0.003973,0.018151,0,0.0,0.041964,-0.01362
zhE_68GMJIk$_$8,5,文本,2,0.644394,-0.064311,0.015218,-0.079529,0,0.0,-0.117514,0.024439
zhE_68GMJIk$_$5,5,文本,0,0.596121,-0.065367,0.015786,-0.081153,0,0.0,-0.144367,0.032246
zjYEBwXGD8I$_$13,5,文本,2,0.855889,0.035902,0.000176,0.035726,0,0.0,0.093154,-0.001091
zjYEBwXGD8I$_$0,5,文本,2,0.740366,-0.023037,0.015381,-0.038419,0,0.0,-0.023158,0.026554
zjYEBwXGD8I$_$2,5,文本,2,0.828884,0.049843,-0.010623,0.060466,0,0.0,0.135492,-0.042701
zjYEBwXGD8I$_$4,5,文本,2,0.482415,0.015055,-0.002979,0.018034,0,0.0,0.02739,-0.004579
zjYEBwXGD8I$_$9,5,文本,2,0.895417,0.028596,-0.004669,0.033264,0,0.0,0.080707,-0.022778
zk2jTlAtvSU$_$3,5,文本,2,0.471108,0.029335,-0.002193,0.031528,1,1.0,0.046966,0.000965
