sample_id,y_true_class,y_true_reg,pred_class,prob_neg,prob_neu,prob_pos,pred_reg,pred_prob_at_pred,主要模态,text_Δcls_raw,audio_Δcls_raw,vision_Δcls_raw,text_Δcls_norm,audio_Δcls_norm,vision_Δcls_norm,text_Δint_raw,audio_Δint_raw,vision_Δint_raw,text_Δint_norm,audio_Δint_norm,vision_Δint_norm
-UacrmKiTn4$_$7,2,0.3333,2,0.047509,0.227974,0.724517,0.428413,0.724517,文本,0.334198,0.012364,-0.000708,0.962358,0.035604,-0.002038,0.320537,0.109863,0.016552,0.717162,0.245804,0.037033
-qDkUB0GgYY$_$5,2,2.0,2,0.044182,0.228007,0.727811,0.51713,0.727811,文本,0.220667,0.056134,0.064949,0.645697,0.164254,0.190049,0.201691,0.239661,0.116982,0.361237,0.429242,0.20952
0utROiKxejc$_$1,1,0.0,2,0.127295,0.252959,0.619746,0.361221,0.619746,文本,0.241471,0.047514,-0.024006,0.771492,0.151807,-0.0767,0.265437,0.12842,-0.014728,0.64965,0.314304,-0.036046
0utROiKxejc$_$4,1,0.0,0,0.929969,0.038806,0.031225,-1.125421,0.929969,文本,0.689712,-0.01113,0.007689,0.973439,-0.015709,0.010852,1.237254,-0.145643,0.055097,0.860402,-0.101282,0.038315
0y022OlZ3W0$_$3,2,1.3333,2,0.038487,0.10023,0.861284,0.706769,0.861284,文本,0.469778,0.042785,0.007775,0.902833,0.082226,0.014941,0.653745,0.237092,-0.042761,0.700243,0.253955,-0.045802
0y022OlZ3W0$_$5,0,-1.3333,0,0.874637,0.074124,0.051239,-0.855719,0.874637,文本,0.57434,-0.016029,0.041543,0.908892,-0.025366,0.065742,0.862821,-0.126156,0.13363,0.768587,-0.112378,0.119036
0y022OlZ3W0$_$8,0,-0.3333,2,0.081074,0.389248,0.529678,0.228355,0.529678,文本,0.164546,0.034297,-0.022367,0.743845,0.155041,-0.101114,0.096948,0.186236,-0.010326,0.330305,0.634513,-0.035182
101787$_$11,1,0.0,1,0.292924,0.487527,0.21955,-0.093709,0.487527,音频,0.064125,0.080513,0.038593,0.34997,0.439407,0.210623,-0.017905,-0.051685,0.08909,-0.112837,-0.32572,0.561442
101787$_$13,0,-1.6667,0,0.659724,0.163655,0.176622,-0.358929,0.659724,文本,0.409297,-0.123338,0.063403,0.686696,-0.20693,0.106374,0.341853,-0.214506,0.153207,0.481777,-0.302306,0.215917
101787$_$1,0,-0.6667,0,0.564911,0.326905,0.108184,-0.595007,0.564911,文本,0.257403,-0.059849,0.044044,0.712443,-0.165652,0.121905,0.483951,-0.031268,0.110905,0.772931,-0.04994,0.177129
101787$_$5,0,-1.6667,0,0.884882,0.070247,0.04487,-0.926691,0.884882,文本,0.613311,-0.024389,0.011458,0.944779,-0.03757,0.01765,0.843309,-0.09082,0.091853,0.821953,-0.08852,0.089527
101787$_$7,2,1.0,2,0.049927,0.151131,0.798942,0.665909,0.798942,文本,0.528505,-0.040126,-0.036148,0.873881,-0.066348,-0.059771,0.75724,-0.022492,-0.043053,0.920337,-0.027337,-0.052326
101787$_$9,0,-0.3333,1,0.335724,0.498812,0.165464,-0.186655,0.498812,音频,0.070857,0.106619,0.015306,0.367552,0.553054,0.079394,0.146774,-0.14657,0.074288,0.399242,-0.398686,0.202072
102408$_$2,0,-0.3333,1,0.28084,0.431506,0.287654,0.025381,0.431506,文本,0.13802,0.101023,-0.037718,0.498698,0.365019,-0.136283,-0.454439,0.305823,0.229065,-0.459342,0.309122,0.231536
102408$_$5,0,-2.0,2,0.208103,0.09196,0.699937,0.527599,0.699937,音频,0.181585,0.244964,0.055444,0.376738,0.508231,0.115032,0.128145,0.474613,0.143875,0.17163,0.635671,0.192699
102408$_$9,0,-1.6667,0,0.82273,0.080852,0.096419,-0.601702,0.82273,文本,0.708692,-0.082233,-0.008884,0.886077,-0.102816,-0.011107,1.169038,-0.310955,-0.209253,0.692047,-0.184079,-0.123874
102858$_$20,2,2.0,0,0.464844,0.187309,0.347847,-0.159374,0.464844,文本,0.28608,-0.219727,0.016963,0.547239,-0.420313,0.032448,0.339847,-0.395005,0.091174,0.411424,-0.4782,0.110376
102858$_$21,2,1.0,0,0.511636,0.360595,0.127769,-0.40961,0.511636,文本,0.219979,-0.115061,0.03854,0.58884,-0.307996,0.103164,0.338861,-0.151664,0.143075,0.534819,-0.239369,0.225812
102858$_$1,2,0.3333,1,0.10741,0.492093,0.400498,0.094568,0.492093,音频,0.007739,0.111755,0.077859,0.039213,0.566271,0.394515,0.052032,0.217816,-0.102647,0.139686,0.584749,-0.275565
102858$_$0,2,0.3333,2,0.051791,0.292196,0.656013,0.364603,0.656013,文本,0.290175,0.020383,-0.033642,0.84304,0.05922,-0.09774,0.246779,0.134,0.023893,0.609826,0.331131,0.059043
102858$_$4,2,3.0,2,0.053379,0.196145,0.750476,0.654359,0.750476,文本,0.462434,-0.024049,-0.068465,0.833292,-0.043335,-0.123373,0.652119,0.135242,-0.116439,0.72153,0.149637,-0.128833
102858$_$6,2,2.6667,1,0.345187,0.393206,0.261607,-0.049835,0.393206,音频,-0.076618,0.134114,0.081559,-0.262129,0.458836,0.279035,0.022746,-0.284732,0.164024,0.048241,-0.603884,0.347875
102858$_$10,2,2.0,2,0.020981,0.114046,0.864973,0.835844,0.864973,文本,0.535212,-0.004901,-0.042224,0.919075,-0.008417,-0.072508,0.779472,0.115667,-0.104464,0.779782,0.115713,-0.104505
102858$_$17,2,1.0,1,0.272607,0.52096,0.206433,-0.147722,0.52096,音频,0.061474,0.083036,0.077419,0.276998,0.374155,0.348847,0.203409,-0.147017,0.071116,0.482536,-0.348759,0.168705
102858$_$19,1,0.0,1,0.187295,0.439046,0.373659,0.120952,0.439046,视觉,0.030334,0.05123,0.053,0.225426,0.380708,0.393866,0.159308,0.102028,-0.087815,0.456273,0.292217,-0.25151
112433$_$10,1,0.0,1,0.176337,0.599838,0.223825,-0.152811,0.599838,文本,0.180816,0.062472,0.034949,0.649863,0.224529,0.125608,-0.072665,0.031598,0.043798,-0.490778,0.213411,0.295812
112433$_$3,0,-0.3333,0,0.426092,0.360344,0.213564,-0.22321,0.426092,音频,0.226385,-0.25853,0.038116,0.432833,-0.494291,0.072876,0.27544,-0.338014,0.112687,0.37932,-0.465494,0.155186
112433$_$7,0,-0.6667,0,0.487943,0.284648,0.227409,-0.304187,0.487943,文本,0.129013,-0.008574,0.097659,0.548417,-0.036449,0.415135,0.084754,0.075034,0.125807,0.296762,0.26273,0.440508
112433$_$6,0,-1.3333,0,0.798464,0.094732,0.106803,-0.683802,0.798464,文本,0.521118,-0.070054,0.085346,0.770294,-0.10355,0.126155,0.63065,-0.165335,0.138111,0.675145,-0.177,0.147855
117tQqLjza4$_$6,2,0.6667,2,0.037108,0.293457,0.669435,0.442663,0.669435,文本,0.322137,-0.016903,-0.021584,0.893276,-0.046873,-0.059852,0.35402,0.145838,-0.003059,0.703933,0.289984,-0.006083
11j7EfglCAs$_$2,2,0.6667,2,0.067013,0.308748,0.624238,0.450484,0.624238,文本,0.350196,-0.053026,-0.032307,0.804071,-0.12175,-0.074179,0.55734,0.067773,-0.018052,0.866559,0.105374,-0.028067
121128$_$10,2,2.0,2,0.14701,0.160444,0.692546,0.477405,0.692546,文本,0.419998,0.007797,-0.104297,0.789334,0.014653,-0.196014,0.634567,0.10316,-0.228385,0.656826,0.106778,-0.236396
121128$_$1,1,0.0,1,0.225667,0.552481,0.221852,-0.024208,0.552481,文本,0.145977,0.064825,0.054781,0.549647,0.244086,0.206267,0.038255,-0.192728,0.103091,0.114511,-0.576901,0.308587
121128$_$0,1,0.0,1,0.066461,0.577085,0.356454,0.128791,0.577085,文本,0.195328,-0.008253,0.061634,0.736489,-0.031117,0.232394,0.105008,0.167659,-0.090335,0.289277,0.461868,-0.248855
121128$_$5,2,3.0,2,0.03155,0.196697,0.771753,0.78972,0.771753,文本,0.375897,0.100506,-0.106681,0.64467,0.17237,-0.18296,0.758188,0.317019,-0.274322,0.561817,0.234911,-0.203272
125344$_$0,2,0.6667,0,0.450814,0.126348,0.422838,0.122139,0.450814,文本,0.335788,-0.196062,-0.157048,0.487429,-0.284602,-0.227969,-0.495238,0.354521,0.425707,-0.38828,0.277954,0.333766
125676$_$0,0,-0.3333,2,0.051979,0.1705,0.777522,0.532925,0.777522,文本,0.360154,-0.023375,0.073899,0.787346,-0.051101,0.161553,0.318666,0.085849,0.213283,0.51581,0.138959,0.345231
125676$_$4,2,2.0,2,0.00293,0.032874,0.964196,1.445997,0.964196,文本,0.450479,0.010372,0.01133,0.954038,0.021966,0.023996,1.039337,0.244349,0.206403,0.6975,0.163983,0.138517
128059$_$11,0,-1.0,0,0.941734,0.021927,0.036338,-1.041773,0.941734,文本,0.632876,-0.01054,0.033974,0.934286,-0.01556,0.050154,0.995342,-0.177863,0.223409,0.712683,-0.127353,0.159965
128059$_$12,2,0.6667,1,0.380217,0.400847,0.218937,-0.161611,0.400847,音频,-0.019197,0.081347,0.07857,-0.107177,0.454161,0.438661,0.232294,-0.229865,0.116078,0.401728,-0.397527,0.200745
128059$_$2,0,-1.6667,0,0.539816,0.188685,0.271499,-0.164735,0.539816,文本,0.253484,-0.118685,0.102105,0.534467,-0.250246,0.215287,0.076343,-0.165289,0.187043,0.178091,-0.385581,0.436327
128059$_$7,1,0.0,0,0.465482,0.348075,0.186443,-0.292826,0.465482,文本,0.161662,-0.110075,0.076316,0.464476,-0.316259,0.219265,0.193501,-0.155507,0.200414,0.35219,-0.283037,0.364772
128059$_$6,2,1.0,0,0.713083,0.145161,0.141756,-0.491327,0.713083,文本,0.425903,-0.076507,0.069794,0.74432,-0.133705,0.121975,0.40122,-0.166404,0.204963,0.51932,-0.215386,0.265294
128059$_$9,2,0.3333,0,0.805645,0.118727,0.075628,-0.788898,0.805645,文本,0.538481,-0.056053,0.044888,0.842137,-0.087662,0.070201,0.837856,-0.263368,0.176923,0.655524,-0.206054,0.138421
128763$_$12,0,-0.6667,2,0.343075,0.188422,0.468503,0.053144,0.468503,文本,0.105173,0.007203,0.013565,0.835097,0.057196,0.107707,0.096153,0.047893,-0.020829,0.58319,0.29048,-0.12633
128763$_$3,0,-1.6667,0,0.974292,0.020045,0.005663,-1.763432,0.974292,文本,0.667931,-0.003083,0.007202,0.984836,-0.004545,0.010619,1.58511,-0.094307,0.178016,0.853387,-0.050773,0.09584
128763$_$2,1,0.0,1,0.381837,0.540587,0.077576,-0.604011,0.540587,文本,0.110095,0.095081,0.013813,0.502743,0.434181,0.063077,0.403021,-0.122894,0.224416,0.537125,-0.163786,0.299089
128763$_$5,1,0.0,1,0.250162,0.554697,0.195141,-0.118786,0.554697,文本,0.138371,0.069295,0.029362,0.583775,0.292347,0.123877,-0.007934,-0.035732,0.054235,-0.081046,-0.364976,0.553978
128763$_$7,0,-0.3333,0,0.872074,0.07642,0.051506,-0.923249,0.872074,文本,0.557189,-0.003537,0.036016,0.933717,-0.005928,0.060355,0.803635,-0.004025,0.095713,0.889593,-0.004456,0.105951
128763$_$8,1,0.0,0,0.660558,0.226921,0.112522,-0.578678,0.660558,文本,0.344201,-0.030978,0.05044,0.808707,-0.072783,0.11851,0.409824,-0.036182,0.161184,0.674951,-0.05959,0.265459
130456$_$11,2,1.6667,0,0.900602,0.044843,0.054554,-0.761134,0.900602,文本,0.64814,-0.031281,0.027013,0.917481,-0.04428,0.038239,0.848134,-0.236326,0.074799,0.731617,-0.203859,0.064523
130456$_$3,2,2.3333,2,0.020051,0.08701,0.892939,0.862521,0.892939,文本,0.454456,0.038187,-0.003635,0.915729,0.076947,-0.007324,0.613002,0.236938,0.026543,0.699388,0.270328,0.030284
130456$_$5,0,-0.3333,0,0.63696,0.252226,0.110814,-0.482484,0.63696,文本,0.390623,-0.119182,-0.013956,0.745805,-0.22755,-0.026645,0.455192,-0.195349,0.07526,0.627158,-0.269149,0.103693
130456$_$4,1,0.0,1,0.411884,0.480576,0.10754,-0.400367,0.480576,音频,0.041071,0.11637,0.029175,0.220085,0.623579,0.156336,0.390483,-0.16957,0.001434,0.695444,-0.302002,0.002554
130456$_$7,0,-0.3333,0,0.606853,0.279517,0.11363,-0.397933,0.606853,文本,0.410869,-0.226483,0.064657,0.585276,-0.322621,0.092103,0.598372,-0.559137,0.151416,0.457148,-0.427173,0.11568
130456$_$6,2,0.3333,0,0.716049,0.218694,0.065257,-0.667986,0.716049,文本,0.463472,-0.087616,0.015604,0.817855,-0.154609,0.027535,0.708821,-0.22414,0.05001,0.721101,-0.228023,0.050876
188343$_$13,2,1.0,0,0.73339,0.125943,0.140667,-0.497804,0.73339,文本,0.394049,-0.040777,0.084684,0.758502,-0.078491,0.163007,0.392015,-0.064893,0.135745,0.661458,-0.109495,0.229047
188343$_$12,0,-2.0,0,0.990283,0.005778,0.003938,-1.917878,0.990283,文本,0.664773,0.001506,0.005055,0.990227,0.002243,0.00753,1.859596,0.020833,0.139079,0.920816,0.010316,0.068868
188343$_$5,1,0.0,0,0.691071,0.229646,0.079283,-0.643469,0.691071,文本,0.381269,-0.060073,0.066424,0.750876,-0.118308,0.130816,0.607764,-0.125986,0.10679,0.723064,-0.149887,0.12705
188343$_$9,2,1.0,0,0.556578,0.222229,0.221193,-0.283266,0.556578,文本,0.25733,-0.084036,0.071761,0.622883,-0.203415,0.173702,0.251426,-0.14225,0.093333,0.516266,-0.292089,0.191645
188343$_$8,0,-1.3333,0,0.965062,0.023848,0.011089,-1.50174,0.965062,文本,0.680044,-0.001091,0.013493,0.979006,-0.00157,0.019424,1.497371,-0.063984,0.129393,0.885626,-0.037843,0.07653
1HK7Nea0PFo$_$1,1,0.0,0,0.749233,0.145678,0.105089,-0.623033,0.749233,文本,0.481179,-0.040743,0.034011,0.865533,-0.073288,0.061179,0.686484,-0.104213,0.00942,0.85798,-0.130247,0.011773
216097$_$1,0,-1.0,0,0.865777,0.108557,0.025666,-1.149468,0.865777,文本,0.541619,-0.038919,0.065874,0.837886,-0.060208,0.101907,1.05915,-0.151328,0.156592,0.774759,-0.110695,0.114546
216097$_$2,1,0.0,1,0.326498,0.496137,0.177365,-0.168519,0.496137,文本,0.104511,0.095729,-0.013313,0.489391,0.448269,-0.06234,0.036042,-0.006542,0.05101,0.385092,-0.069902,0.545006
216097$_$5,0,-0.3333,2,0.156597,0.339431,0.503972,0.332755,0.503972,文本,0.107051,0.033975,0.028544,0.63131,0.20036,0.16833,0.22258,0.105637,0.085644,0.537814,0.255247,0.206939
216097$_$4,1,0.0,0,0.850437,0.095626,0.053937,-0.835256,0.850437,文本,0.518174,-0.026937,0.062689,0.852539,-0.044319,0.103141,0.731813,-0.065466,0.110191,0.806432,-0.072141,0.121426
216097$_$7,0,-0.3333,2,0.088652,0.110002,0.801345,0.768552,0.801345,文本,0.462971,0.000495,0.019289,0.959019,0.001025,0.039957,0.73509,0.09093,0.074416,0.816371,0.100985,0.082645
216097$_$8,0,-1.6667,0,0.954586,0.028654,0.01676,-1.296123,0.954586,文本,0.651364,-0.013543,0.034901,0.930775,-0.019353,0.049872,1.203229,-0.132673,0.20952,0.778577,-0.085849,0.135574
223431$_$11,0,-1.3333,0,0.834049,0.118058,0.047893,-0.890628,0.834049,文本,0.626026,-0.088033,0.042438,0.827533,-0.116369,0.056098,0.927839,-0.336016,0.190273,0.638072,-0.231077,0.13085
223431$_$10,0,-1.0,2,0.115535,0.285177,0.599288,0.528067,0.599288,文本,0.336429,-0.094,-0.035763,0.721652,-0.201634,-0.076714,0.539245,0.119906,-0.044631,0.766211,0.170374,-0.063415
223431$_$13,0,-2.3333,0,0.929716,0.051621,0.018663,-1.15232,0.929716,文本,0.744983,-0.033442,0.007297,0.948151,-0.042563,0.009287,1.423648,-0.380084,0.05707,0.765072,-0.204258,0.03067
223431$_$0,2,0.3333,1,0.031076,0.518993,0.449931,0.388088,0.518993,视觉,-0.021597,0.080852,0.143157,-0.087933,0.329194,0.582873,0.180606,0.290931,-0.080743,0.327019,0.526782,-0.146199
223431$_$5,1,0.0,1,0.309486,0.490296,0.200218,-0.030456,0.490296,音频,0.015011,0.18205,0.020586,0.06897,0.836447,0.094583,0.137434,-0.296221,0.113871,0.25101,-0.541017,0.207973
225770$_$3,0,-1.3333,0,0.558551,0.313468,0.127981,-0.404777,0.558551,文本,0.329647,-0.187798,0.08519,0.547009,-0.311628,0.141363,0.583969,-0.423226,0.239476,0.468423,-0.339485,0.192093
225770$_$5,0,-0.3333,1,0.129704,0.4774,0.392896,0.154992,0.4774,视觉,0.08589,-0.000493,0.114172,0.428263,-0.002458,0.569279,0.118365,0.254747,-0.198205,0.20718,0.445894,-0.346926
225770$_$4,1,0.0,1,0.258175,0.600908,0.140916,-0.306868,0.600908,文本,0.158419,0.14284,0.063604,0.434188,0.391489,0.174323,0.355812,-0.329514,0.228296,0.389452,-0.360668,0.24988
225770$_$6,1,0.0,1,0.36336,0.40701,0.22963,-0.230285,0.40701,音频,-0.007442,0.087671,0.083086,-0.04176,0.491986,0.466254,0.217433,-0.261373,0.26722,0.291455,-0.350354,0.358191
236021$_$12,2,1.3333,2,0.043042,0.13812,0.818838,0.68196,0.818838,视觉,0.147974,0.026041,0.246523,0.351868,0.061924,0.586208,0.17912,0.142576,0.510804,0.215159,0.171262,0.613578
236021$_$1,2,0.3333,1,0.192036,0.551693,0.256271,0.144371,0.551693,文本,0.157671,0.058806,0.043147,0.607307,0.226504,0.166189,-0.017019,0.24523,-0.0182,-0.060685,0.874419,-0.064896
236021$_$3,1,0.0,0,0.906407,0.073392,0.020202,-1.301513,0.906407,文本,0.709036,-0.02705,0.016563,0.942054,-0.03594,0.022006,1.525643,-0.206539,0.130622,0.819003,-0.110875,0.070121
236021$_$2,1,0.0,2,0.252329,0.141218,0.606453,0.386487,0.606453,文本,0.199866,0.124285,-0.00647,0.604518,0.375913,-0.019569,0.229001,0.274798,-0.028524,0.430192,0.516224,-0.053585
236021$_$5,0,-0.6667,0,0.422669,0.268724,0.308607,-0.059889,0.422669,文本,0.152313,-0.104198,0.039403,0.514719,-0.352123,0.133158,0.073176,-0.160135,0.080895,0.232892,-0.509649,0.257459
236021$_$4,2,0.6667,0,0.835447,0.071511,0.093042,-0.58519,0.835447,文本,0.670703,-0.071966,-0.025127,0.873542,-0.093731,-0.032727,0.920827,-0.321415,-0.111719,0.680099,-0.237389,-0.082512
237009$_$11,0,-3.0,0,0.455927,0.398339,0.145734,-0.444536,0.455927,文本,0.170548,-0.100137,0.056872,0.520666,-0.305709,0.173625,0.359701,-0.128222,0.17602,0.541765,-0.193122,0.265113
237009$_$12,0,-2.6667,0,0.923687,0.045084,0.031229,-1.207118,0.923687,文本,0.637918,-0.013196,0.026575,0.941314,-0.019472,0.039214,1.20103,-0.121796,0.168637,0.805269,-0.081662,0.113068
237009$_$4,2,0.3333,2,0.324989,0.138899,0.536111,0.277599,0.536111,音频,0.100248,0.162654,-0.022354,0.351431,0.570205,-0.078363,0.114685,0.351196,-0.084736,0.208285,0.637822,-0.153893
237009$_$7,0,-3.0,0,0.963417,0.019801,0.016782,-1.399777,0.963417,文本,0.705433,-0.0067,0.015024,0.970125,-0.009213,0.020662,1.494768,-0.162636,0.148558,0.827685,-0.090055,0.08226
237009$_$9,1,0.0,0,0.803526,0.137122,0.059352,-0.854438,0.803526,文本,0.605053,-0.060718,0.030623,0.868837,-0.087189,0.043973,1.132961,-0.30317,0.06728,0.753594,-0.201655,0.044752
241629$_$10,0,-1.6667,0,0.746528,0.061139,0.192334,-0.427262,0.746528,文本,0.454182,-0.057893,0.05959,0.794491,-0.101271,0.104239,0.436541,-0.138355,0.093259,0.653354,-0.20707,0.139577
241629$_$0,2,1.0,2,0.019159,0.117724,0.863117,0.74428,0.863117,文本,0.492744,0.020532,-0.028597,0.909334,0.037891,-0.052775,0.630628,0.234218,-0.068502,0.675662,0.250944,-0.073394
241629$_$3,2,2.3333,0,0.532068,0.117541,0.350391,0.090728,0.532068,文本,0.214373,-0.084843,0.131612,0.497584,-0.196929,0.305487,0.136839,0.195734,-0.173637,0.27032,0.386666,-0.343014
241629$_$5,0,-0.3333,0,0.50502,0.297541,0.197439,-0.3009,0.50502,文本,0.210033,-0.106436,0.071685,0.541106,-0.274211,0.184682,0.255106,-0.173995,0.139955,0.448296,-0.305761,0.245943
241629$_$8,0,-0.3333,0,0.96441,0.021096,0.014495,-1.409902,0.96441,文本,0.667873,-0.006339,0.015356,0.968538,-0.009193,0.022269,1.375837,-0.156362,0.147583,0.819057,-0.093085,0.087858
243646$_$11,0,-0.6667,0,0.93175,0.046816,0.021434,-1.280344,0.93175,文本,0.640128,-0.00185,0.014965,0.974405,-0.002816,0.022779,1.26486,-0.054979,0.061722,0.91553,-0.039795,0.044675
243646$_$12,0,-1.3333,0,0.862578,0.065939,0.071483,-0.798423,0.862578,文本,0.598857,-0.010261,0.001585,0.980603,-0.016801,0.002595,0.842878,-0.065467,-0.034132,0.894322,-0.069462,-0.036215
243646$_$9,1,0.0,1,0.108161,0.678867,0.212973,-0.049936,0.678867,文本,0.244651,0.054456,0.04745,0.705947,0.157135,0.136918,0.139718,-0.076442,-0.046335,0.53227,-0.291212,-0.176518
243646$_$8,1,0.0,1,0.127802,0.556405,0.315793,0.021374,0.556405,文本,0.127337,0.056987,0.053942,0.534433,0.239173,0.226393,0.050131,0.010379,0.038089,0.508434,0.105266,0.3863
247318$_$12,0,-2.0,0,0.959691,0.026611,0.013698,-1.330025,0.959691,文本,0.671914,-0.003935,0.005989,0.985445,-0.005772,0.008783,1.22574,-0.095239,0.087775,0.870088,-0.067605,0.062307
247318$_$1,1,0.0,1,0.060801,0.483961,0.455238,0.154914,0.483961,视觉,0.054269,0.038755,0.142172,0.23074,0.164777,0.604483,0.261576,0.029783,-0.11299,0.646906,0.073658,-0.279436
247318$_$3,0,-2.3333,1,0.274461,0.530436,0.195103,-0.241668,0.530436,文本,0.094843,0.059288,0.033763,0.50477,0.31554,0.17969,0.093543,-0.013257,0.068183,0.534584,-0.075763,0.389653
247318$_$2,0,-1.6667,1,0.321655,0.41691,0.261434,-0.04877,0.41691,视觉,0.0159,0.051643,0.070346,0.11531,0.374524,0.510166,-0.013209,-0.106101,0.12838,-0.053328,-0.428363,0.518309
247318$_$5,0,-0.3333,1,0.314497,0.344669,0.340834,0.070766,0.344669,音频,-0.080734,0.089165,0.05982,-0.351446,0.388147,0.260407,-0.030309,0.268683,-0.101088,-0.075758,0.671574,-0.252669
247318$_$7,0,-2.0,0,0.969571,0.022819,0.00761,-1.577271,0.969571,文本,0.678052,-0.004948,-0.000148,0.992539,-0.007244,-0.000217,1.490319,-0.078568,0.020173,0.937862,-0.049443,0.012695
247318$_$6,0,-0.3333,1,0.127829,0.564766,0.307405,0.082695,0.564766,文本,0.145817,0.054998,0.059669,0.559793,0.211137,0.22907,0.118938,0.072723,-0.055266,0.481672,0.294512,-0.223816
252998$_$1,1,0.0,1,0.250539,0.53704,0.212421,-0.159886,0.53704,文本,0.162153,0.052128,0.012128,0.716195,0.230238,0.053567,0.031296,-0.060829,0.084854,0.176833,-0.343708,0.479459
252998$_$0,1,0.0,1,0.219783,0.487922,0.292296,-0.158838,0.487922,文本,0.13302,0.073251,-0.022784,0.580735,0.319795,-0.09947,0.044379,-0.035347,0.093247,0.256565,-0.20435,0.539086
252998$_$5,0,-1.3333,0,0.994464,0.0033,0.002237,-1.986706,0.994464,文本,0.761684,-0.001752,0.002863,0.993977,-0.002286,0.003737,2.141582,-0.226168,0.066946,0.87961,-0.092894,0.027497
252998$_$4,0,-0.3333,0,0.843792,0.124821,0.031387,-1.053392,0.843792,文本,0.549286,-0.03848,0.029227,0.890262,-0.062368,0.04737,1.000421,-0.129559,0.078879,0.827574,-0.107174,0.065251
252998$_$7,2,1.3333,0,0.758713,0.093582,0.147705,-0.543807,0.758713,文本,0.443094,-0.06216,0.093115,0.740503,-0.103882,0.155615,0.450597,-0.124807,0.160444,0.61235,-0.16961,0.21804
252998$_$8,0,-1.6667,1,0.258149,0.534526,0.207324,-0.172778,0.534526,文本,0.150282,0.085035,-0.011784,0.608181,0.344131,-0.047688,0.110849,-0.180811,0.118574,0.270209,-0.440751,0.289039
257247$_$10,0,-0.3333,0,0.631554,0.178287,0.190159,-0.319412,0.631554,文本,0.423917,-0.128306,0.026474,0.732537,-0.221716,0.045747,0.409079,-0.225708,0.096299,0.55955,-0.30873,0.131721
257247$_$12,0,-1.6667,0,0.92745,0.05382,0.018731,-1.165385,0.92745,文本,0.776686,-0.035695,-0.009021,0.945562,-0.043456,-0.010982,1.455577,-0.368234,0.051818,0.776047,-0.196326,0.027627
257247$_$2,1,0.0,1,0.070412,0.57232,0.357268,0.354096,0.57232,视觉,0.045503,0.068068,0.167254,0.162034,0.242384,0.595582,0.184597,0.273018,-0.09298,0.335267,0.49586,-0.168873
258654$_$1,0,-1.3333,0,0.880299,0.077799,0.041902,-0.856117,0.880299,文本,0.726018,-0.059856,-0.025216,0.895114,-0.073797,-0.031089,1.145875,-0.356844,-0.115075,0.708295,-0.220574,-0.071131
258654$_$3,0,-2.3333,0,0.864438,0.0538,0.081762,-0.580977,0.864438,文本,0.690979,-0.06081,-0.02611,0.888264,-0.078172,-0.033565,0.767127,-0.294726,-0.078965,0.672436,-0.258346,-0.069218
258654$_$4,1,0.0,1,0.09502,0.550679,0.354301,0.449272,0.550679,文本,0.125924,0.069053,0.013724,0.60337,0.33087,0.06576,0.1311,0.20064,0.169076,0.261773,0.400626,0.3376
266791$_$24,0,-1.6667,0,0.940598,0.040572,0.018829,-1.318846,0.940598,文本,0.623306,-0.011174,0.026719,0.942691,-0.016899,0.04041,1.257097,-0.117841,0.129817,0.835417,-0.078313,0.086271
266791$_$20,2,0.6667,0,0.49285,0.339753,0.167397,-0.261085,0.49285,文本,0.172791,-0.095255,0.087937,0.485392,-0.267584,0.247025,0.1375,-0.120291,0.186209,0.309684,-0.270926,0.41939
266791$_$21,0,-1.6667,0,0.935407,0.040972,0.023621,-1.15423,0.935407,文本,0.609493,-0.009786,0.026017,0.944516,-0.015165,0.040318,1.068479,-0.112429,0.161997,0.795647,-0.083721,0.120632
266791$_$23,0,-2.6667,2,0.155502,0.291103,0.553395,0.311066,0.553395,文本,0.243733,0.077306,-0.101194,0.577247,0.183089,-0.239664,0.339907,0.183125,-0.126799,0.52307,0.281804,-0.195126
266791$_$29,0,-1.6667,1,0.126618,0.553943,0.319439,0.015852,0.553943,文本,0.189092,0.025313,0.039869,0.743656,0.099549,0.156796,0.088671,0.107791,-0.087851,0.311877,0.379129,-0.308994
266791$_$3,2,1.0,0,0.488564,0.404018,0.107417,-0.50982,0.488564,文本,0.140735,-0.066603,0.071765,0.504241,-0.238632,0.257128,0.409389,-0.036482,0.090106,0.763819,-0.068066,0.168115
266791$_$5,0,-2.3333,0,0.864969,0.090854,0.044177,-0.896836,0.864969,文本,0.595185,-0.040148,0.024628,0.901849,-0.060834,0.037317,0.960266,-0.178792,0.089099,0.781875,-0.145578,0.072547
266791$_$4,0,-1.6667,0,0.745321,0.205542,0.049138,-0.858155,0.745321,文本,0.441829,-0.074238,0.033311,0.804234,-0.135131,0.060635,0.776291,-0.117643,0.061121,0.812823,-0.123179,0.063998
266791$_$6,1,0.0,1,0.157193,0.578758,0.264049,0.178857,0.578758,文本,0.182482,0.059803,0.046398,0.632119,0.207158,0.160723,0.103613,0.259234,-0.050642,0.250582,0.626942,-0.122475
266791$_$8,0,-1.3333,0,0.586522,0.328493,0.084985,-0.584661,0.586522,文本,0.254917,-0.049158,0.035143,0.751484,-0.144914,0.103601,0.482514,-0.035416,0.070158,0.82048,-0.060223,0.119298
266791$_$11,2,1.0,0,0.543323,0.218976,0.237701,-0.136625,0.543323,文本,0.288811,-0.146081,0.090822,0.549369,-0.277872,0.172759,0.202432,-0.277238,0.125131,0.334709,-0.458396,0.206895
266791$_$14,0,-1.3333,0,0.552789,0.20995,0.237261,-0.316463,0.552789,文本,0.204431,-0.049923,0.095761,0.583898,-0.142589,0.273512,0.19587,-0.055341,0.116322,0.532932,-0.150573,0.316495
270254$_$23,0,-1.6667,0,0.511833,0.202726,0.285441,-0.223802,0.511833,文本,0.162686,-0.073628,0.140036,0.432273,-0.195637,0.37209,0.087256,-0.073151,0.185755,0.252068,-0.211319,0.536613
270254$_$0,1,0.0,2,0.0852,0.271387,0.643414,0.414182,0.643414,文本,0.290183,0.110476,-0.08888,0.592769,0.225673,-0.181558,0.403844,0.245344,-0.115697,0.52798,0.320759,-0.151261
270254$_$6,2,0.6667,0,0.427364,0.301121,0.271516,-0.228536,0.427364,文本,0.120751,-0.09143,0.086536,0.404232,-0.306076,0.289692,0.198636,-0.103392,0.117537,0.473434,-0.246426,0.28014
270254$_$8,0,-1.3333,0,0.964966,0.022679,0.012355,-1.531463,0.964966,文本,0.613684,-0.003718,0.020084,0.962663,-0.005832,0.031505,1.408717,-0.105564,0.191411,0.825892,-0.061889,0.112219
270254$_$11,1,0.0,2,0.023786,0.198105,0.778109,0.751735,0.778109,文本,0.292715,0.18688,-0.045689,0.557251,0.35577,-0.086979,0.55595,0.428589,-0.068674,0.527861,0.406935,-0.065204
270254$_$14,0,-1.6667,1,0.202341,0.440989,0.35667,0.093705,0.440989,文本,0.09368,0.009794,0.047978,0.618547,0.064668,0.316785,0.141759,0.151371,-0.090853,0.369181,0.394212,-0.236607
270254$_$16,0,-0.6667,0,0.571159,0.242241,0.1866,-0.298743,0.571159,文本,0.284819,-0.066027,0.027151,0.753496,-0.174675,0.071828,0.353508,-0.105576,-0.016246,0.743711,-0.222111,-0.034178
272624$_$10,0,-1.6667,0,0.671324,0.238268,0.090408,-0.460768,0.671324,文本,0.553269,-0.221738,-0.033229,0.684539,-0.274348,-0.041113,0.836917,-0.710064,0.059962,0.520813,-0.441872,0.037314
272624$_$13,2,0.6667,2,0.100705,0.10783,0.791464,0.778973,0.791464,文本,0.399384,0.246313,-0.05755,0.567914,0.350251,-0.081834,0.41433,0.665965,-0.063607,0.362208,0.582187,-0.055605
272624$_$12,0,-1.0,1,0.276786,0.409387,0.313827,0.197647,0.409387,音频,-0.055093,0.210255,0.082115,-0.158557,0.605114,0.236328,-0.277203,0.7125,-0.00352,-0.279095,0.717362,-0.003544
272624$_$16,1,0.0,0,0.536251,0.296933,0.166816,-0.205842,0.536251,文本,0.407147,-0.285868,-0.033202,0.560641,-0.39364,-0.04572,0.49982,-0.600516,0.056223,0.432161,-0.519226,0.048612
272624$_$18,2,0.3333,1,0.1561,0.473995,0.369905,0.438675,0.473995,音频,-0.013633,0.124362,0.103785,-0.056387,0.51436,0.429253,0.160133,0.476614,-0.050062,0.233155,0.693954,-0.072891
272624$_$2,1,0.0,1,0.073027,0.619708,0.307264,0.414855,0.619708,视觉,0.113785,0.08151,0.11973,0.361194,0.258742,0.380065,0.057595,0.505922,-0.089953,0.088138,0.774208,-0.137655
272624$_$6,0,-0.6667,1,0.341316,0.481074,0.17761,-0.099309,0.481074,音频,-0.01725,0.248843,0.081866,-0.049574,0.715151,0.235275,0.349843,-0.541874,0.035844,0.377164,-0.584193,0.038643
272624$_$9,0,-1.0,2,0.238109,0.260977,0.500914,0.53149,0.500914,音频,0.093743,0.314688,-0.133633,0.172938,0.580536,-0.246526,0.074787,0.895404,-0.090272,0.070523,0.844352,-0.085125
272624$_$8,0,-1.6667,0,0.796174,0.151237,0.052589,-0.763548,0.796174,文本,0.674919,-0.140786,-0.039582,0.789114,-0.164607,-0.046279,1.12476,-0.642383,0.021656,0.62878,-0.359114,0.012107
273539$_$3,0,-2.6667,0,0.940785,0.031659,0.027556,-1.15552,0.940785,文本,0.64193,-0.01073,0.034554,0.934106,-0.015613,0.050281,1.17778,-0.137577,0.139139,0.809752,-0.094587,0.095661
273539$_$2,1,0.0,1,0.127343,0.524731,0.347926,0.067241,0.524731,文本,0.159315,0.023715,0.034966,0.730814,0.108789,0.160398,0.19482,0.055465,-0.002608,0.770367,0.219322,-0.010311
273539$_$9,0,-2.3333,0,0.83847,0.074799,0.086732,-0.694768,0.83847,文本,0.520377,-0.004494,0.038878,0.923064,-0.007972,0.068964,0.630707,-0.009325,0.058313,0.903146,-0.013352,0.083502
290546$_$3,1,0.0,0,0.456038,0.258484,0.285478,-0.128041,0.456038,文本,0.170448,-0.122949,0.091837,0.442452,-0.319155,0.238393,0.13406,-0.201888,0.20395,0.248307,-0.373937,0.377756
290546$_$5,0,-1.0,0,0.895494,0.081729,0.022777,-1.206618,0.895494,文本,0.614623,-0.016994,0.009848,0.958155,-0.026493,0.015353,1.235833,-0.104978,0.091758,0.862669,-0.07328,0.064051
290546$_$7,0,-0.3333,0,0.546464,0.242741,0.210796,-0.198406,0.546464,文本,0.265877,-0.154995,0.108912,0.501859,-0.292563,0.205578,0.210281,-0.296727,0.259408,0.27437,-0.387162,0.338469
290546$_$6,1,0.0,1,0.362625,0.416221,0.221154,-0.176745,0.416221,视觉,0.020126,0.031649,0.100676,0.132015,0.207599,0.660386,0.176758,-0.191419,0.250225,0.28583,-0.309539,0.404632
2S00zYaVrtc$_$10,0,-2.6667,0,0.547718,0.222337,0.229945,-0.215633,0.547718,文本,0.234351,-0.081378,0.086782,0.582223,-0.202176,0.215602,0.115955,-0.125893,0.160985,0.287849,-0.312519,0.399632
2S00zYaVrtc$_$12,2,2.0,2,0.019887,0.099316,0.880797,0.664149,0.880797,文本,0.636755,-0.017723,-0.034205,0.924598,-0.025735,-0.049667,0.873147,-0.005105,-0.164019,0.837735,-0.004898,-0.157367
2S00zYaVrtc$_$20,2,1.3333,2,0.00784,0.046231,0.945929,0.938044,0.945929,文本,0.643099,-0.003908,-0.002787,0.989696,-0.006014,-0.00429,0.980332,0.06962,-0.01659,0.919168,0.065277,-0.015555
2S00zYaVrtc$_$17,0,-0.3333,2,0.079121,0.206613,0.714265,0.367601,0.714265,文本,0.421087,0.012775,-0.062419,0.848485,0.025742,-0.125773,0.449335,0.108293,-0.159319,0.626734,0.151047,-0.222218
2S00zYaVrtc$_$5,2,1.6667,2,0.003927,0.021834,0.974238,1.304556,0.974238,文本,0.657989,-7.9e-05,-0.004003,0.993834,-0.000119,-0.006047,1.304568,0.06716,-0.042874,0.922216,0.047476,-0.030308
2S00zYaVrtc$_$4,2,1.3333,2,0.035626,0.123375,0.840998,0.663651,0.840998,文本,0.515868,0.00661,-0.027963,0.93719,0.012009,-0.050801,0.666956,0.09704,-0.077463,0.792619,0.115323,-0.092058
2Xt31_d0XEE$_$2,2,2.0,2,0.002558,0.014882,0.98256,1.729044,0.98256,文本,0.325893,0.00987,0.020981,0.913522,0.027666,0.058812,1.112363,0.328154,0.375518,0.612523,0.180698,0.206779
31474$_$11,0,-1.3333,1,0.175649,0.500273,0.324078,0.04599,0.500273,音频,0.06833,0.079026,0.060489,0.328752,0.380218,0.291029,-0.002721,0.18786,-0.050179,-0.011301,0.78028,-0.208419
31474$_$14,1,0.0,2,0.21331,0.167026,0.619664,0.378642,0.619664,文本,0.287514,0.042872,-0.035705,0.785362,0.117107,-0.097531,0.377752,0.15463,-0.084613,0.612245,0.250618,-0.137138
31474$_$0,2,0.3333,2,0.047079,0.308333,0.644588,0.480314,0.644588,文本,0.316415,0.015578,-0.074076,0.779216,0.038363,-0.182421,0.437232,0.211753,-0.059819,0.61686,0.298747,-0.084394
31474$_$3,1,0.0,1,0.275945,0.509834,0.214221,-0.007499,0.509834,音频,0.088771,0.105918,0.030718,0.393826,0.469896,0.136279,0.019111,-0.210183,0.113769,0.055708,-0.612665,0.331627
31474$_$6,0,-2.6667,0,0.996206,0.002585,0.001208,-2.376071,0.996206,文本,0.723183,-0.000726,0.001844,0.996459,-0.001,0.002541,2.323097,-0.101968,0.153265,0.901008,-0.039548,0.059443
31474$_$9,0,-1.0,0,0.723808,0.172277,0.103915,-0.455102,0.723808,文本,0.567164,-0.163226,0.029103,0.746767,-0.214914,0.038319,0.733066,-0.411475,0.023591,0.627554,-0.352251,0.020196
31474$_$8,1,0.0,0,0.777679,0.180202,0.042118,-0.877189,0.777679,文本,0.512827,-0.077162,0.034615,0.821044,-0.123537,0.055419,0.836862,-0.186917,0.070033,0.765087,-0.170886,0.064026
32681$_$1,1,0.0,0,0.750492,0.12871,0.120798,-0.541092,0.750492,文本,0.457262,-0.05701,0.064753,0.78971,-0.098459,0.111831,0.493398,-0.171638,0.184644,0.580687,-0.202003,0.21731
32681$_$3,0,-2.6667,0,0.978093,0.014013,0.007894,-1.642355,0.978093,文本,0.737832,-0.005096,0.00525,0.986172,-0.006811,0.007017,1.6489,-0.163739,0.133791,0.847141,-0.084123,0.068737
32681$_$5,2,0.3333,0,0.984737,0.009639,0.005624,-1.701382,0.984737,文本,0.738781,-0.0037,0.004622,0.988861,-0.004953,0.006186,1.709936,-0.182925,0.15949,0.83316,-0.089129,0.077711
32681$_$6,0,-1.0,0,0.917643,0.060297,0.022061,-1.199308,0.917643,文本,0.665303,-0.027632,0.017935,0.935899,-0.038871,0.02523,1.167701,-0.22828,0.18702,0.73765,-0.144207,0.118143
33170$_$1,2,0.3333,0,0.483692,0.407469,0.108839,-0.450856,0.483692,文本,0.282741,-0.196382,0.00372,0.585576,-0.40672,0.007704,0.589874,-0.386069,0.152822,0.522583,-0.342028,0.135389
33170$_$3,0,-2.0,0,0.605195,0.06395,0.330855,-0.145069,0.605195,文本,0.36999,-0.155963,0.041744,0.651738,-0.274729,0.073533,0.220007,-0.318409,0.081139,0.355105,-0.513932,0.130963
33170$_$4,0,-2.0,0,0.898165,0.056401,0.045434,-0.979902,0.898165,文本,0.703043,-0.040202,0.004509,0.940206,-0.053763,0.00603,1.110374,-0.268127,0.067846,0.767709,-0.185382,0.046909
3MFNIag0wNE$_$12,0,-1.0,0,0.69027,0.134223,0.175508,-0.499831,0.69027,文本,0.361963,-0.040958,0.088114,0.737144,-0.083411,0.179446,0.369074,-0.075346,0.204122,0.569082,-0.116178,0.31474
3MFNIag0wNE$_$14,0,-2.0,0,0.948546,0.024064,0.02739,-1.118452,0.948546,文本,0.626007,-0.008996,0.030909,0.940075,-0.013509,0.046416,1.029497,-0.171405,0.192054,0.739074,-0.123051,0.137875
3MFNIag0wNE$_$16,0,-0.3333,2,0.124984,0.353272,0.521744,0.216505,0.521744,文本,0.186891,-0.002427,-0.015511,0.912423,-0.011851,-0.075726,0.249414,0.080357,-0.024748,0.703528,0.226665,-0.069807
3MFNIag0wNE$_$7,0,-1.0,2,0.22092,0.275291,0.503789,0.1007,0.503789,文本,0.213898,-0.025495,-0.06715,0.697775,-0.08317,-0.219055,0.232582,-0.003694,-0.099037,0.693627,-0.011015,-0.295358
3V2qm0rw920$_$11,2,1.0,2,0.040684,0.158331,0.800985,0.570668,0.800985,文本,0.413437,0.034979,0.030067,0.864058,0.073104,0.062838,0.513095,0.155971,0.028507,0.735542,0.223591,0.040867
3V2qm0rw920$_$13,2,3.0,2,0.001059,0.008441,0.9905,1.648842,0.9905,文本,0.595193,0.002986,0.000309,0.994495,0.004989,0.000516,1.574183,0.190852,-0.013144,0.885278,0.10733,-0.007392
3V2qm0rw920$_$3,2,0.3333,2,0.08322,0.289406,0.627374,0.337389,0.627374,文本,0.294868,0.036455,-0.033772,0.807647,0.09985,-0.092503,0.361789,0.149883,-0.07322,0.618557,0.256257,-0.125185
3j94B0pzSVs$_$12,2,1.6667,2,0.021858,0.147202,0.83094,0.624182,0.83094,文本,0.515158,-0.044198,0.016121,0.895183,-0.076803,0.028013,0.702013,-0.074647,0.078334,0.821074,-0.087307,0.091619
3j94B0pzSVs$_$17,0,-1.3333,0,0.650554,0.238672,0.110774,-0.5643,0.650554,文本,0.38517,-0.055813,0.028108,0.821099,-0.118982,0.059919,0.552044,-0.079418,0.040729,0.821261,-0.118148,0.060591
3j94B0pzSVs$_$1,1,0.0,2,0.090434,0.289755,0.619811,0.38773,0.619811,文本,0.237264,-0.02057,0.05964,0.74735,-0.064792,0.187858,0.27979,0.065383,0.121222,0.599899,0.140188,0.259913
3j94B0pzSVs$_$0,1,0.0,1,0.083552,0.491094,0.425354,0.17865,0.491094,音频,0.054085,0.10721,0.005225,0.324794,0.643827,0.031379,0.200259,-0.002721,0.055493,0.774775,-0.010529,0.214696
4cFeG2ydm9A$_$8,2,1.0,2,0.020058,0.108924,0.871019,0.730902,0.871019,文本,0.443682,0.017393,0.024901,0.912971,0.03579,0.051239,0.595572,0.170149,0.071195,0.711627,0.203305,0.085068
4dV3slGSc60$_$10,2,1.0,2,0.01052,0.078381,0.911099,1.014016,0.911099,文本,0.567366,0.026971,-0.015114,0.930946,0.044255,-0.024799,0.948198,0.274171,-0.077392,0.729518,0.210939,-0.059543
4dV3slGSc60$_$12,2,0.6667,2,0.023525,0.167848,0.808627,0.742098,0.808627,文本,0.378917,0.10091,-0.040244,0.728587,0.194031,-0.077382,0.56899,0.350196,-0.113202,0.55114,0.339209,-0.10965
4dV3slGSc60$_$22,2,1.6667,2,0.048168,0.263136,0.688696,0.565611,0.688696,文本,0.359396,0.127863,-0.16698,0.549334,0.195438,-0.255228,0.528838,0.340153,-0.26435,0.466619,0.300133,-0.233248
4dV3slGSc60$_$9,2,1.6667,2,0.039792,0.169144,0.791065,0.620206,0.791065,文本,0.430414,0.077486,-0.034616,0.793367,0.142827,-0.063806,0.661664,0.257029,-0.116868,0.638943,0.248203,-0.112855
4dV3slGSc60$_$8,2,1.0,2,0.018188,0.059192,0.92262,1.043505,0.92262,文本,0.407103,0.046851,0.039159,0.825577,0.095011,0.079412,0.904315,0.297011,0.092693,0.698842,0.229526,0.071632
50103$_$3,0,-2.0,0,0.987746,0.008175,0.004079,-1.951023,0.987746,文本,0.661775,-0.000928,0.003348,0.99358,-0.001394,0.005026,1.888617,-0.056503,0.130229,0.910024,-0.027226,0.06275
5B0PQx3Ep3k$_$5,2,1.3333,2,0.026428,0.0777,0.895872,0.852287,0.895872,文本,0.503025,0.032114,-0.002557,0.93552,0.059724,-0.004756,0.777344,0.219839,-0.048988,0.743037,0.210137,-0.046826
5O1W39o56gg$_$1,1,0.0,2,0.040901,0.334265,0.624834,0.364878,0.624834,文本,0.202183,0.088003,-0.048816,0.596406,0.259594,-0.144,0.136145,0.260099,-0.04604,0.307822,0.588081,-0.104097
5O1W39o56gg$_$2,2,0.6667,2,0.094672,0.427084,0.478245,0.11811,0.478245,文本,0.153001,0.039235,-0.12459,0.482918,0.123839,-0.393243,0.105002,0.145751,-0.12005,0.283175,0.393067,-0.323758
5O1W39o56gg$_$9,2,0.3333,2,0.011558,0.090641,0.897801,0.89108,0.897801,文本,0.628867,-0.021284,-0.004538,0.960558,-0.03251,-0.006932,1.00206,0.023047,-0.001531,0.976059,0.022449,-0.001491
5i6AgQSjXO4$_$3,2,0.6667,2,0.034649,0.179989,0.785363,0.688624,0.785363,文本,0.262901,0.020288,0.110143,0.668395,0.051581,0.280024,0.333742,0.130724,0.264224,0.458002,0.179396,0.362602
5i6AgQSjXO4$_$2,1,0.0,2,0.026909,0.103179,0.869912,0.891525,0.869912,文本,0.357693,0.025426,0.086497,0.761671,0.054142,0.184187,0.608396,0.167047,0.22419,0.608619,0.167109,0.224272
5i6AgQSjXO4$_$6,1,0.0,1,0.108226,0.559615,0.332159,5.6e-05,0.559615,文本,0.113242,0.042256,0.088491,0.464125,0.17319,0.362685,0.115525,0.055603,-0.032338,0.567783,0.273281,-0.158936
5kaCGzjYukM$_$0,0,-0.3333,2,0.190956,0.397134,0.41191,0.041393,0.41191,文本,0.177191,-0.012587,-0.140659,0.536233,-0.038091,-0.425676,0.292287,0.074638,-0.22044,0.497624,0.127073,-0.375303
5kaCGzjYukM$_$3,0,-1.6667,0,0.43214,0.362546,0.205314,-0.299777,0.43214,视觉,0.002949,-0.067183,0.163282,0.012635,-0.287829,0.699537,0.004167,-0.049602,0.296876,0.011883,-0.141459,0.846658
5kaCGzjYukM$_$2,0,-0.3333,0,0.821564,0.105166,0.07327,-0.747207,0.821564,文本,0.416075,-0.028032,0.146984,0.70391,-0.047424,0.248666,0.499714,-0.108584,0.312992,0.542407,-0.117861,0.339732
5kaCGzjYukM$_$5,0,-2.3333,0,0.916592,0.052201,0.031207,-1.16436,0.916592,文本,0.45208,-0.00893,0.090849,0.819194,-0.016182,0.164624,0.862554,-0.068983,0.358977,0.66838,-0.053454,0.278166
5kaCGzjYukM$_$7,0,-0.6667,2,0.099418,0.180137,0.720446,0.46155,0.720446,文本,0.445656,0.002838,-0.062094,0.872828,0.005558,-0.121613,0.596716,0.060545,-0.093269,0.795059,0.08067,-0.124271
6KvG5VbLalY$_$9,1,0.0,2,0.107658,0.242458,0.649884,0.373788,0.649884,文本,0.184876,0.079622,0.048702,0.590281,0.25422,0.155499,0.117025,0.187319,0.125547,0.272221,0.435736,0.292044
6ZA8I83x-oY$_$0,1,0.0,1,0.145314,0.433311,0.421375,0.120691,0.433311,视觉,0.014323,0.055188,0.084541,0.092976,0.35824,0.548783,0.156,0.127869,-0.175381,0.339685,0.27843,-0.381885
6ZA8I83x-oY$_$2,2,2.0,2,0.021782,0.134381,0.843837,1.051806,0.843837,文本,0.521844,-0.025059,-0.023228,0.915305,-0.043953,-0.040742,0.909791,0.161511,0.054999,0.807769,0.1434,0.048831
6hFiTU77Sm0$_$1,1,0.0,2,0.130705,0.306223,0.563072,0.305103,0.563072,文本,0.115907,0.03567,0.073888,0.51408,0.158207,0.327713,0.096701,0.120954,0.123495,0.283457,0.354548,0.361995
6hFiTU77Sm0$_$2,1,0.0,2,0.123553,0.336748,0.539699,0.23424,0.539699,音频,0.085056,0.107729,0.006873,0.426007,0.539568,0.034425,0.012232,0.21166,0.037512,0.046795,0.809702,0.143503
6uPGcKTpC4I$_$1,1,0.0,2,0.047243,0.190169,0.762588,0.658015,0.762588,文本,0.297717,0.000699,0.090042,0.766408,0.001798,0.231793,0.429621,0.146117,0.193534,0.558477,0.189942,0.251581
6uPGcKTpC4I$_$2,1,0.0,2,0.023282,0.103372,0.873346,0.869777,0.873346,文本,0.31159,0.056443,0.057055,0.733001,0.132779,0.13422,0.489011,0.296962,0.159335,0.517304,0.314143,0.168553
6uPGcKTpC4I$_$6,2,1.3333,2,0.015908,0.190747,0.793345,0.809021,0.793345,文本,0.255246,0.029535,0.086713,0.687079,0.079504,0.233417,0.413031,0.233774,0.235907,0.467911,0.264836,0.267253
70280$_$11,0,-1.6667,0,0.890256,0.074892,0.034852,-1.037183,0.890256,文本,0.710101,-0.045193,-0.008451,0.929762,-0.059173,-0.011065,1.176022,-0.31932,0.07037,0.75111,-0.203946,0.044944
70280$_$3,0,-0.6667,0,0.521928,0.38411,0.093962,-0.517792,0.521928,文本,0.313585,-0.150195,-0.042156,0.61981,-0.296866,-0.083324,0.499739,-0.22623,0.117772,0.59229,-0.268127,0.139583
70280$_$4,1,0.0,2,0.140415,0.35104,0.508546,0.391614,0.508546,音频,0.112633,0.121629,-0.097455,0.339545,0.366665,-0.29379,0.16475,0.377,-0.102404,0.255762,0.585264,-0.158974
70280$_$6,0,-1.3333,0,0.787574,0.105372,0.107055,-0.543181,0.787574,文本,0.61264,-0.119494,0.000815,0.835856,-0.163032,0.001112,0.686145,-0.441929,0.113175,0.552786,-0.356036,0.091178
75RGHaxmUK8$_$3,2,0.3333,2,0.024503,0.258652,0.716845,0.510123,0.716845,文本,0.35813,-0.027465,-0.003519,0.920373,-0.070585,-0.009043,0.446194,0.065695,0.058495,0.782269,0.115177,0.102554
75RGHaxmUK8$_$5,2,0.3333,1,0.088136,0.625951,0.285913,0.076787,0.625951,文本,0.158219,0.068406,0.059257,0.553441,0.239281,0.207279,0.140018,-0.016189,-0.01131,0.835847,-0.09664,-0.067513
7_K3F-lAv1k$_$2,1,0.0,2,0.107726,0.205813,0.686461,0.51962,0.686461,文本,0.388112,-0.004282,-0.058203,0.861327,-0.009504,-0.129169,0.562166,0.090679,-0.070056,0.777652,0.125438,-0.09691
7r4vRxKLFCA$_$6,0,-0.6667,2,0.029932,0.104227,0.86584,0.787062,0.86584,文本,0.527652,0.041437,-0.017314,0.89981,0.070663,-0.029527,0.813594,0.20892,-0.08375,0.735443,0.188852,-0.075705
80566$_$1,1,0.0,2,0.086457,0.367143,0.5464,0.36463,0.5464,文本,0.249964,-0.034342,-0.113646,0.628126,-0.086298,-0.285576,0.408059,0.118938,-0.143005,0.609041,0.177519,-0.21344
80566$_$0,1,0.0,1,0.067794,0.473631,0.458575,0.164223,0.473631,音频,0.067496,0.078462,0.067568,0.316104,0.367458,0.316438,0.319491,-0.03559,-0.014792,0.863786,-0.096221,-0.039993
80566$_$3,2,0.3333,2,0.125034,0.356342,0.518624,0.16052,0.518624,文本,0.250776,-0.015328,-0.113976,0.659797,-0.040329,-0.299874,0.298465,0.089238,-0.143073,0.562318,0.168128,-0.269555
80566$_$2,2,0.6667,2,0.075314,0.274581,0.650105,0.482706,0.650105,文本,0.374278,0.018334,-0.105209,0.751832,0.036829,-0.211339,0.57315,0.215811,-0.167157,0.599455,0.225716,-0.174829
80566$_$4,2,1.3333,2,0.06594,0.137677,0.796383,0.732759,0.796383,文本,0.486469,0.084048,-0.067249,0.762771,0.131785,-0.105444,0.73916,0.224532,-0.099707,0.695092,0.211145,-0.093762
80566$_$6,1,0.0,0,0.847254,0.088965,0.06378,-0.961197,0.847254,文本,0.467081,-0.010276,0.072262,0.849827,-0.018697,0.131476,0.803793,-0.023574,0.183182,0.795403,-0.023327,0.18127
80855$_$11,1,0.0,1,0.08797,0.587604,0.324427,0.20026,0.587604,文本,0.147563,0.051461,0.09327,0.504845,0.176058,0.319097,0.197148,0.242517,-0.19968,0.308359,0.379321,-0.31232
80855$_$10,2,0.3333,1,0.175249,0.624102,0.200649,-0.135679,0.624102,文本,0.205359,0.083737,0.045509,0.613735,0.250256,0.136008,-0.05872,-0.062707,0.165107,-0.204932,-0.218847,0.576221
80855$_$12,1,0.0,0,0.800068,0.168168,0.031764,-1.024809,0.800068,文本,0.436837,-0.034494,0.063957,0.816079,-0.064439,0.119482,0.734987,-0.073311,0.235611,0.704072,-0.070227,0.225701
80855$_$15,2,2.0,2,0.192203,0.194104,0.613693,0.371761,0.613693,文本,0.283926,-0.010231,0.0,0.96522,-0.03478,0.0,0.340042,0.098123,0.0,0.77606,0.22394,0.0
80855$_$17,1,0.0,0,0.880571,0.06101,0.058419,-0.892821,0.880571,文本,0.497106,0.00582,0.06381,0.877139,0.010269,0.112592,0.677456,0.019823,0.197393,0.757211,0.022157,0.220632
80855$_$0,1,0.0,1,0.165862,0.5928,0.241338,-0.119552,0.5928,文本,0.141586,0.059406,0.073677,0.515478,0.216284,0.268238,-0.033543,-0.107908,0.107101,-0.134952,-0.434148,0.4309
80855$_$3,1,0.0,2,0.055397,0.404415,0.540187,0.44645,0.540187,文本,0.176383,0.043183,-0.031267,0.70319,0.172157,-0.124653,0.374585,0.275556,-0.074774,0.516729,0.380122,-0.103149
80855$_$2,2,1.0,1,0.381779,0.471653,0.146568,-0.462568,0.471653,文本,0.117817,0.066494,-0.034366,0.538772,0.304075,-0.157153,0.232715,-0.067368,0.212653,0.453869,-0.131389,0.414742
80855$_$7,1,0.0,0,0.499502,0.36721,0.133288,-0.518192,0.499502,视觉,0.091631,-0.019094,0.108887,0.417238,-0.086946,0.495816,0.217145,-0.019943,0.262022,0.435064,-0.039957,0.524979
80855$_$20,2,1.0,1,0.311376,0.412412,0.276212,-0.040541,0.412412,音频,0.018933,0.074502,0.038301,0.143719,0.565541,0.29074,-0.244306,0.059446,0.182455,-0.502472,0.122266,0.375262
830KzUc6CbU$_$0,1,0.0,1,0.141703,0.556122,0.302175,-0.00707,0.556122,文本,0.143052,0.071108,0.077485,0.4905,0.243818,0.265682,-0.205382,-0.00519,0.10923,-0.642214,-0.01623,0.341556
830KzUc6CbU$_$13,2,0.3333,0,0.63272,0.234235,0.133044,-0.445698,0.63272,文本,0.323301,-0.09639,0.120422,0.59858,-0.178463,0.222957,0.37273,-0.188645,0.203574,0.487261,-0.246612,0.266127
84140$_$0,2,1.3333,2,0.163895,0.181116,0.65499,0.389345,0.65499,文本,0.269255,0.053328,0.001098,0.831853,0.164754,0.003393,0.260367,0.269087,-0.024263,0.470217,0.485965,-0.043818
84140$_$5,0,-1.3333,0,0.809686,0.099088,0.091225,-0.671957,0.809686,文本,0.585157,-0.058269,0.010386,0.894994,-0.089121,0.015885,0.80861,-0.196634,0.008979,0.797271,-0.193876,0.008853
89835$_$1,2,1.0,2,0.063645,0.340085,0.59627,0.449632,0.59627,文本,0.203466,-0.012766,0.069112,0.713055,-0.044737,0.242207,0.423272,0.093178,0.088764,0.699376,0.153958,0.146666
89835$_$0,1,0.0,2,0.024529,0.213665,0.761806,0.723817,0.761806,文本,0.493976,-0.03132,-0.001352,0.937963,-0.059471,-0.002567,0.910557,0.059884,-0.002565,0.935818,0.061546,-0.002636
89835$_$4,0,-2.6667,0,0.626844,0.273871,0.099285,-0.612679,0.626844,文本,0.337377,-0.102539,0.064032,0.669468,-0.203471,0.127061,0.568494,-0.198386,0.193231,0.592113,-0.206628,0.201259
89835$_$7,0,-2.3333,0,0.978635,0.010384,0.01098,-1.474246,0.978635,文本,0.686814,-0.003322,0.011545,0.978812,-0.004735,0.016453,1.472384,-0.112976,0.160439,0.843387,-0.064713,0.0919
8eaYvALnJ0o$_$1,2,2.0,2,0.00492,0.052145,0.942935,1.214218,0.942935,文本,0.525741,0.004386,0.012191,0.969433,0.008087,0.02248,0.986655,0.182556,0.105145,0.774238,0.143254,0.082508
8eaYvALnJ0o$_$0,2,1.6667,2,0.002073,0.021141,0.976786,1.538498,0.976786,文本,0.585945,0.001556,0.005315,0.988409,0.002624,0.008966,1.429289,0.143315,0.088989,0.860192,0.086252,0.053556
8x_nCOh6Wmc$_$6,2,1.0,2,0.108726,0.206243,0.685031,0.340438,0.685031,文本,0.342138,-0.003194,0.001813,0.985579,-0.0092,0.005221,0.338731,0.072381,-0.01586,0.793332,0.169522,-0.037146
96642$_$1,1,0.0,0,0.624396,0.296779,0.078825,-0.744377,0.624396,文本,0.389025,-0.069816,-0.049291,0.765599,-0.137398,-0.097004,0.8087,-0.067354,-0.028048,0.894479,-0.074498,-0.031023
96642$_$3,2,0.6667,2,0.077853,0.347933,0.574214,0.812666,0.574214,文本,0.261779,-0.039572,-0.092049,0.665426,-0.100591,-0.233983,0.705992,0.153686,0.05804,0.769291,0.167465,0.063243
96642$_$2,1,0.0,1,0.051186,0.600715,0.348099,0.454436,0.600715,文本,0.143978,0.083117,0.078855,0.470594,0.271669,0.257738,0.440858,0.175186,0.004354,0.710606,0.282376,0.007018
96642$_$4,0,-2.0,0,0.980029,0.013218,0.006753,-1.693853,0.980029,文本,0.743688,0.00134,0.001011,0.996849,0.001796,0.001355,1.767481,0.051533,0.026406,0.957766,0.027925,0.014309
99501$_$10,0,-1.6667,0,0.408812,0.256949,0.33424,-0.085926,0.408812,文本,0.208757,-0.161172,0.002078,0.561165,-0.43325,0.005586,0.216739,-0.190482,-0.009807,0.519723,-0.456761,-0.023517
99501$_$13,0,-1.6667,0,0.870336,0.072163,0.057501,-0.886581,0.870336,文本,0.627528,-0.015555,0.012443,0.95729,-0.023728,0.018982,0.939926,-0.071529,0.025797,0.906169,-0.068961,0.02487
99501$_$1,1,0.0,2,0.051654,0.370165,0.57818,0.396007,0.57818,文本,0.287591,-0.067693,-0.082012,0.657657,-0.154799,-0.187544,0.345293,0.064831,-0.004385,0.833017,0.156404,-0.010579
99501$_$0,2,0.3333,1,0.093204,0.571918,0.334878,0.084479,0.571918,文本,0.081446,0.076661,0.069694,0.357531,0.336526,0.305942,-0.060204,0.118396,0.004275,-0.329209,0.647413,0.023379
99501$_$5,0,-0.3333,0,0.830903,0.103272,0.065825,-0.680452,0.830903,文本,0.599743,-0.053227,0.001086,0.91696,-0.08138,0.00166,0.779151,-0.192367,-0.010365,0.793527,-0.195917,-0.010556
99501$_$7,0,-1.0,2,0.066646,0.224784,0.70857,0.490677,0.70857,文本,0.381465,-0.005685,-0.064495,0.844613,-0.012587,-0.142801,0.369264,0.091576,0.004182,0.794079,0.196929,0.008993
9QI-9w_VdB4$_$0,2,0.3333,2,0.054876,0.2594,0.685724,0.386891,0.685724,文本,0.232918,0.072973,0.020657,0.713275,0.223467,0.063258,0.192816,0.233241,0.037648,0.415816,0.502995,0.081189
AG5EY8ZaFj4$_$3,2,0.3333,2,0.018625,0.178747,0.802628,0.691417,0.802628,文本,0.510268,-0.014971,-0.013023,0.947992,-0.027813,-0.024195,0.79703,0.076933,-0.04633,0.866061,0.083596,-0.050342
AG5EY8ZaFj4$_$15,2,0.3333,2,0.079514,0.33274,0.587746,0.232605,0.587746,文本,0.279717,-0.009164,-0.049969,0.825488,-0.027044,-0.147468,0.272716,0.070337,-0.057188,0.681379,0.175736,-0.142884
Arh2TKRi_mg$_$15,2,1.0,2,0.004659,0.053885,0.941456,0.915021,0.941456,文本,0.625828,-0.001356,-0.006658,0.987357,-0.00214,-0.010504,0.949392,0.066736,-0.026176,0.910858,0.064028,-0.025114
Arh2TKRi_mg$_$14,2,1.3333,2,0.017998,0.11489,0.867111,0.62668,0.867111,文本,0.436953,0.017865,0.01657,0.92695,0.037898,0.035152,0.508646,0.121724,0.038639,0.760299,0.181946,0.057755
Arh2TKRi_mg$_$16,2,0.6667,2,0.068438,0.222693,0.708869,0.476151,0.708869,文本,0.24124,0.067619,0.042568,0.686459,0.192412,0.121129,0.24167,0.194858,0.091247,0.457904,0.369207,0.172889
Arh2TKRi_mg$_$19,2,0.3333,2,0.098052,0.226328,0.67562,0.377269,0.67562,文本,0.292422,0.032323,0.013549,0.864402,0.095547,0.040051,0.318465,0.110799,0.030897,0.692073,0.240784,0.067143
Arh2TKRi_mg$_$32,2,2.0,2,0.002006,0.013473,0.984521,1.670156,0.984521,文本,0.505608,-0.000212,0.013407,0.973771,-0.000408,0.025822,1.376922,0.101765,0.301907,0.773294,0.057152,0.169554
Arh2TKRi_mg$_$28,0,-0.6667,0,0.631398,0.225804,0.142798,-0.481433,0.631398,文本,0.379901,-0.048034,0.020615,0.846953,-0.107088,0.045959,0.617253,-0.093511,0.020726,0.843829,-0.127837,0.028334
Arh2TKRi_mg$_$3,2,0.6667,2,0.065094,0.17607,0.758836,0.64292,0.758836,文本,0.340781,0.01875,0.053458,0.825158,0.0454,0.129441,0.477506,0.12269,0.104616,0.677494,0.174075,0.148432
AxNy9TeTLq8$_$0,2,1.3333,2,0.00284,0.032544,0.964616,1.455653,0.964616,文本,0.430122,0.010231,0.016466,0.941558,0.022396,0.036046,1.031173,0.257699,0.270768,0.661161,0.16523,0.173609
BSKAHXFYF_I$_$1,2,0.3333,1,0.116715,0.489414,0.393871,0.155532,0.489414,文本,0.106446,0.040838,0.004056,0.703356,0.269841,0.026803,-0.048657,0.136521,0.090409,-0.176557,0.495382,0.328061
BSKAHXFYF_I$_$3,2,0.6667,1,0.086348,0.505204,0.408448,0.254658,0.505204,视觉,0.013901,0.023239,0.148134,0.075029,0.125428,0.799543,0.119887,0.183286,-0.016348,0.375209,0.573626,-0.051165
BSKAHXFYF_I$_$7,2,0.3333,1,0.103236,0.557634,0.33913,0.202562,0.557634,视觉,0.051574,0.052044,0.128109,0.222564,0.224592,0.552845,0.089571,0.17493,-0.043032,0.291256,0.568816,-0.139927
BSKAHXFYF_I$_$8,2,0.3333,2,0.080142,0.409422,0.510435,0.233475,0.510435,文本,0.23463,0.01689,-0.174467,0.550792,0.039649,-0.40956,0.279234,0.112248,-0.213796,0.461332,0.185448,-0.353219
Baz0VVQ-E9E$_$10,0,-0.3333,0,0.685713,0.180911,0.133376,-0.431129,0.685713,文本,0.511011,-0.137529,0.017894,0.766784,-0.206366,0.02685,0.698251,-0.389461,0.082014,0.596935,-0.332951,0.070114
Baz0VVQ-E9E$_$1,1,0.0,1,0.179819,0.478432,0.341749,0.144399,0.478432,文本,0.078501,0.060793,0.061925,0.390128,0.302123,0.307749,-0.114836,0.337594,-0.015201,-0.245569,0.721925,-0.032506
Baz0VVQ-E9E$_$5,0,-0.6667,0,0.691575,0.226728,0.081697,-0.670336,0.691575,文本,0.419197,-0.043713,-0.002471,0.90076,-0.09393,-0.00531,0.692834,-0.102499,0.053209,0.816499,-0.120794,0.062706
Baz0VVQ-E9E$_$7,2,0.6667,2,0.007747,0.039485,0.952767,1.170484,0.952767,文本,0.597767,0.018127,-0.011038,0.953481,0.028913,-0.017606,1.093059,0.260102,-0.102996,0.750646,0.178622,-0.070731
CJGuudyvA0Y$_$4,0,-0.6667,2,0.24126,0.343557,0.415183,0.045569,0.415183,视觉,0.152684,0.028317,-0.190277,0.411238,0.076269,-0.512493,0.158765,0.077791,-0.231443,0.339243,0.16622,-0.494537
CPjbogfLHR4$_$2,1,0.0,2,0.123415,0.252294,0.62429,0.359799,0.62429,文本,0.199979,0.047963,0.029179,0.721628,0.173077,0.105294,0.220546,0.206787,0.013187,0.500648,0.469416,0.029936
CPjbogfLHR4$_$5,2,2.0,2,0.014898,0.21889,0.766212,0.771436,0.766212,文本,0.331561,0.025055,-0.022404,0.874785,0.066105,-0.05911,0.491736,0.17499,0.114255,0.629639,0.224065,0.146296
DdUJojoFU_c$_$11,2,0.6667,2,0.063652,0.167372,0.768976,0.754146,0.768976,文本,0.18473,0.118647,0.070602,0.493958,0.317255,0.188787,0.303855,0.36993,0.126932,0.379479,0.461999,0.158523
DdUJojoFU_c$_$15,2,0.3333,2,0.026374,0.298545,0.675081,0.394116,0.675081,文本,0.159097,0.013318,0.065757,0.667991,0.055919,0.276089,0.046844,0.212242,0.139025,0.117665,0.533124,0.349211
DdUJojoFU_c$_$14,1,0.0,2,0.009724,0.078363,0.911913,1.040822,0.911913,文本,0.176696,0.053149,0.120056,0.504989,0.151897,0.343114,0.28352,0.391217,0.464745,0.248815,0.343329,0.407856
DdUJojoFU_c$_$17,2,0.3333,2,0.131928,0.293467,0.574605,0.480205,0.574605,视觉,-0.188095,0.11054,0.3075,-0.310318,0.182368,0.507313,-0.279189,0.311802,0.526295,-0.249881,0.279071,0.471048
DdUJojoFU_c$_$16,2,1.0,2,0.002947,0.038151,0.958903,1.33697,0.958903,文本,0.237056,0.015793,0.077959,0.716598,0.04774,0.235662,0.539391,0.33704,0.552725,0.377419,0.235831,0.386749
DdUJojoFU_c$_$2,2,0.3333,2,0.081535,0.19151,0.726956,0.726616,0.726956,音频,0.088601,0.143315,0.11942,0.252184,0.407915,0.339901,0.194419,0.413828,0.187779,0.244237,0.519867,0.235896
DdUJojoFU_c$_$6,2,0.6667,2,0.05655,0.279706,0.663743,0.62621,0.663743,视觉,0.083054,0.093892,0.095538,0.304803,0.344579,0.350618,0.178354,0.33374,0.18984,0.25409,0.475458,0.270453
DdUJojoFU_c$_$8,2,1.0,2,0.047055,0.254503,0.698441,0.753439,0.698441,视觉,0.027829,0.13728,0.142202,0.090558,0.446713,0.462729,0.151068,0.461051,0.246696,0.175903,0.536846,0.287252
DlbYiwOnTyk$_$1,0,-0.3333,2,0.071193,0.360397,0.56841,0.244115,0.56841,文本,0.226306,-0.034404,-0.035333,0.764436,-0.116214,-0.119351,0.218062,0.064529,-0.033729,0.689371,0.204001,-0.106629
E8MuzHUhUHk$_$15,2,1.6667,2,0.004567,0.053102,0.94233,1.073331,0.94233,文本,0.491846,-0.001315,0.025718,0.947901,-0.002534,0.049565,0.825155,0.14456,0.254564,0.673992,0.118078,0.20793
E8MuzHUhUHk$_$14,2,0.6667,2,0.029516,0.127527,0.842957,0.691234,0.842957,文本,0.332712,0.035917,0.070258,0.758082,0.081837,0.160081,0.39951,0.193457,0.191232,0.509449,0.246694,0.243857
E8MuzHUhUHk$_$16,2,2.0,2,0.003978,0.046482,0.94954,1.05762,0.94954,文本,0.549813,-0.003043,0.020342,0.959203,-0.005309,0.035488,0.935888,0.103663,0.152329,0.78522,0.086975,0.127805
E8MuzHUhUHk$_$2,1,0.0,2,0.093006,0.251463,0.655531,0.345638,0.655531,文本,0.362363,0.010201,-0.089657,0.783962,0.022069,-0.19397,0.432121,0.098847,-0.199429,0.591625,0.135333,-0.273042
E8MuzHUhUHk$_$9,2,0.3333,2,0.302422,0.322122,0.375456,0.005192,0.375456,视觉,0.086044,0.02888,-0.144521,0.331646,0.111313,-0.55704,0.045433,0.104441,-0.165366,0.144123,0.331306,-0.524571
EEjCkc82oyk$_$7,0,-1.0,0,0.457912,0.360688,0.181401,-0.360833,0.457912,文本,0.19732,-0.112713,0.041595,0.561161,-0.320546,0.118293,0.217902,-0.134368,0.190698,0.401317,-0.247469,0.351215
EEjCkc82oyk$_$9,1,0.0,0,0.436552,0.33496,0.228488,-0.240503,0.436552,文本,0.196629,-0.13063,0.017792,0.569855,-0.378582,0.051563,0.216553,-0.16158,0.0564,0.498358,-0.371847,0.129794
EQxkXiWAm08$_$8,2,0.3333,1,0.226298,0.493114,0.280588,-0.099548,0.493114,文本,0.177609,0.051672,-0.004517,0.75967,0.221011,-0.019319,-0.085235,-0.096898,0.12871,-0.274207,-0.311726,0.414067
ET1cU5_A2YM$_$1,0,-2.3333,0,0.74849,0.153227,0.098283,-0.604853,0.74849,文本,0.478871,-0.052262,0.03678,0.843211,-0.092024,0.064764,0.591962,-0.139966,0.099646,0.711857,-0.168315,0.119829
ET1cU5_A2YM$_$3,1,0.0,2,0.254399,0.2783,0.467301,0.072104,0.467301,文本,0.158575,-0.000619,-0.072898,0.683244,-0.002666,-0.31409,0.162232,0.045334,-0.126969,0.484947,0.135513,-0.37954
ET1cU5_A2YM$_$6,0,-2.0,0,0.707478,0.208278,0.084244,-0.598083,0.707478,文本,0.432397,-0.062229,0.035442,0.815739,-0.117397,0.066863,0.636924,-0.135797,0.065634,0.759731,-0.161981,0.078289
EmmuWoCUgXs$_$22,0,-0.6667,2,0.06566,0.297786,0.636554,0.452476,0.636554,文本,0.298312,-0.024521,-0.02588,0.855465,-0.070318,-0.074217,0.390626,0.062779,0.068787,0.748051,0.120222,0.131727
EmmuWoCUgXs$_$7,0,-0.6667,0,0.530164,0.118619,0.351216,-0.1538,0.530164,文本,0.316804,-0.101288,-0.012197,0.736259,-0.235395,-0.028347,0.232542,-0.153124,-0.018408,0.575494,-0.37895,-0.045556
Es9MkKsMsjU$_$10,0,-1.3333,2,0.166393,0.370405,0.463202,0.307115,0.463202,文本,0.105428,0.09098,-0.087407,0.371466,0.320561,-0.307972,0.190199,0.272182,-0.088042,0.34555,0.494495,-0.159954
Es9MkKsMsjU$_$12,0,-1.6667,0,0.723636,0.158648,0.117716,-0.539826,0.723636,文本,0.499812,-0.091518,0.042308,0.788798,-0.144432,0.06677,0.65818,-0.274027,0.177175,0.593285,-0.247009,0.159706
Es9MkKsMsjU$_$2,0,-1.6667,0,0.752313,0.126478,0.121209,-0.530702,0.752313,文本,0.560175,-0.091326,0.023699,0.829643,-0.135257,0.035099,0.671319,-0.267817,0.098149,0.647188,-0.25819,0.094622
Es9MkKsMsjU$_$7,0,-1.6667,0,0.892082,0.0542,0.053718,-0.897438,0.892082,文本,0.637125,-0.035743,0.050847,0.880353,-0.049388,0.070259,0.960163,-0.242049,0.219597,0.675311,-0.17024,0.154449
Ezn3p5FWF_U$_$4,2,1.0,2,0.006232,0.033677,0.960091,1.230904,0.960091,文本,0.548669,0.010609,0.010062,0.963693,0.018634,0.017673,1.044898,0.227671,0.060867,0.783614,0.17074,0.045646
F1U26PLiXjM$_$1,2,0.6667,2,0.097819,0.230746,0.671435,0.334499,0.671435,文本,0.348653,-0.020386,0.036804,0.859083,-0.050232,0.090685,0.406978,0.015484,0.032163,0.895194,0.034059,0.070747
F6JV-K840EY$_$2,1,0.0,2,0.199437,0.320124,0.480439,0.19062,0.480439,视觉,0.033047,0.022474,0.073073,0.256989,0.174767,0.568244,-0.023464,0.100654,0.17934,-0.077323,0.331691,0.590987
FB_b1dm0SRY$_$10,1,0.0,0,0.659737,0.200757,0.139506,-0.415084,0.659737,文本,0.36425,-0.056257,0.088661,0.715383,-0.110487,0.17413,0.437748,-0.02141,0.049717,0.860227,-0.042073,0.0977
FB_b1dm0SRY$_$0,2,0.3333,2,0.13196,0.30541,0.56263,0.29318,0.56263,文本,0.276402,0.000806,-0.117879,0.699599,0.00204,-0.298361,0.384912,0.075329,-0.186272,0.595366,0.116516,-0.288118
FB_b1dm0SRY$_$6,2,0.6667,0,0.467795,0.168363,0.363842,0.024092,0.467795,文本,0.353642,-0.230122,-0.083135,0.530278,-0.345063,-0.124659,-0.53928,0.346013,0.278785,-0.463268,0.297242,0.23949
FB_b1dm0SRY$_$9,1,0.0,0,0.636104,0.196731,0.167165,-0.312012,0.636104,文本,0.427697,-0.137799,0.064539,0.678846,-0.218716,0.102438,0.522045,-0.278914,0.022163,0.634225,-0.338849,0.026925
FB_b1dm0SRY$_$8,2,1.6667,2,0.051303,0.097709,0.850987,0.847188,0.850987,文本,0.342759,0.053915,0.075688,0.725627,0.114139,0.160234,0.50892,0.226237,0.228995,0.527842,0.234649,0.237509
FxxJB8hBpyQ$_$1,0,-0.3333,0,0.622604,0.123713,0.253683,-0.253035,0.622604,文本,0.421434,-0.138014,0.031491,0.71316,-0.233551,0.053289,0.52567,-0.290618,-0.023017,0.626316,-0.34626,-0.027423
Fy0Uid9afM8$_$0,0,-1.0,2,0.256287,0.355591,0.388122,0.074927,0.388122,音频,-0.011532,0.152033,-0.149176,-0.036875,0.48613,-0.476995,-0.041743,0.363968,-0.250488,-0.063614,0.55466,-0.381726
Fy0Uid9afM8$_$3,0,-0.6667,1,0.28874,0.471694,0.239566,-0.045255,0.471694,文本,0.111273,0.109697,0.020625,0.460574,0.454054,0.085371,0.186955,-0.293066,0.153142,0.295271,-0.46286,0.241869
Fy0Uid9afM8$_$5,0,-1.3333,0,0.462955,0.321812,0.215233,-0.133669,0.462955,文本,0.226674,-0.09146,0.0,0.712511,-0.287489,0.0,0.323015,-0.215691,-0.0,0.599612,-0.400388,-0.0
Fy0Uid9afM8$_$4,0,-1.0,1,0.287864,0.435887,0.276249,-0.085336,0.435887,音频,0.043365,0.069392,0.02962,0.304579,0.487382,0.20804,0.133267,-0.176305,0.092716,0.331273,-0.438256,0.230472
H1DpVwktfDQ$_$0,2,1.6667,0,0.613303,0.175155,0.211542,-0.351788,0.613303,文本,0.365278,-0.068619,0.0,0.841855,-0.158145,0.0,0.531939,-0.183871,-0.0,0.743129,-0.256871,-0.0
HGicRLwgtkM$_$1,2,1.0,2,0.067473,0.267683,0.664844,0.61336,0.664844,文本,0.144402,0.097358,0.037308,0.517444,0.348869,0.133687,0.15684,0.274652,0.226038,0.238529,0.417703,0.343768
HGicRLwgtkM$_$3,2,1.0,2,0.050354,0.238453,0.711193,0.629891,0.711193,视觉,0.114738,0.086106,0.115903,0.362238,0.271845,0.365917,0.14749,0.283416,0.23797,0.220504,0.42372,0.355776
HGicRLwgtkM$_$2,2,2.0,2,0.024022,0.180749,0.795229,0.826002,0.795229,文本,0.224186,0.058096,0.091493,0.599789,0.155432,0.24478,0.356824,0.267511,0.274328,0.397061,0.297677,0.305262
HGicRLwgtkM$_$6,2,2.3333,2,0.0178,0.148064,0.834135,1.056183,0.834135,文本,0.219217,0.077667,0.071167,0.595617,0.211022,0.193362,0.456902,0.321862,0.370894,0.397424,0.279963,0.322613
HmXXW45eZL4$_$1,0,-0.3333,2,0.162209,0.235927,0.601864,0.219293,0.601864,文本,0.155286,0.10405,0.012583,0.571073,0.382651,0.046276,0.005139,0.264971,0.0149,0.018032,0.929689,0.052279
HmXXW45eZL4$_$4,1,0.0,0,0.921122,0.060269,0.018609,-1.244097,0.921122,文本,0.585102,-0.011208,0.013156,0.960025,-0.01839,0.021585,0.968949,-0.089561,0.147796,0.803236,-0.074244,0.122519
IM6HW1HwHhM$_$11,2,1.0,2,0.31502,0.257694,0.427285,0.054718,0.427285,音频,-0.018108,0.109887,-0.007957,-0.133194,0.80828,-0.058526,-0.157382,0.238461,0.004848,-0.392777,0.595125,0.012098
IM6HW1HwHhM$_$15,2,1.0,2,0.028092,0.156807,0.8151,0.687863,0.8151,文本,0.282719,0.045462,0.066902,0.715594,0.115069,0.169337,0.290631,0.216135,0.197461,0.412695,0.306911,0.280394
IM6HW1HwHhM$_$17,1,0.0,2,0.02084,0.106955,0.872205,0.79366,0.872205,文本,0.41099,0.036634,0.025457,0.868752,0.077438,0.05381,0.532886,0.24485,0.106412,0.602711,0.276933,0.120356
IUmxJNs2zaY$_$3,2,0.3333,2,0.067547,0.395171,0.537282,0.321451,0.537282,文本,0.160984,0.053133,-0.083354,0.541176,0.178615,-0.280209,0.188248,0.219927,-0.089814,0.378017,0.441631,-0.180353
IUmxJNs2zaY$_$2,2,0.6667,1,0.171493,0.477413,0.351093,0.082368,0.477413,音频,0.042798,0.079127,0.050944,0.247574,0.457729,0.294697,0.048205,0.110296,-0.071193,0.209867,0.480187,-0.309946
JAnRCQ9A0vI$_$1,1,0.0,2,0.047903,0.253022,0.699074,0.545907,0.699074,文本,0.320539,0.035503,-0.029015,0.832445,0.092203,-0.075352,0.391515,0.229938,-0.05078,0.582409,0.342051,-0.07554
JAnRCQ9A0vI$_$0,1,0.0,2,0.088959,0.344724,0.566317,0.405147,0.566317,文本,0.139627,0.128171,-0.075499,0.406723,0.373353,-0.219923,0.187156,0.306176,-0.048614,0.345341,0.564956,-0.089703
JAnRCQ9A0vI$_$3,2,1.0,2,0.019399,0.099577,0.881024,0.988981,0.881024,文本,0.40786,0.021929,0.04332,0.862085,0.04635,0.091564,0.644202,0.252523,0.164907,0.606803,0.237863,0.155334
JAnRCQ9A0vI$_$2,2,1.0,2,0.017611,0.079856,0.902533,1.137525,0.902533,文本,0.347934,0.034339,0.06104,0.784851,0.077459,0.13769,0.659441,0.289548,0.279038,0.536992,0.235783,0.227225
JAnRCQ9A0vI$_$5,1,0.0,2,0.034338,0.204258,0.761403,0.674157,0.761403,文本,0.362147,0.012171,0.0,0.967485,0.032515,0.0,0.516714,0.184278,0.0,0.737119,0.262881,0.0
JAnRCQ9A0vI$_$4,1,0.0,2,0.083686,0.343032,0.573282,0.419352,0.573282,文本,0.215542,7.5e-05,-0.022299,0.90596,0.000315,-0.093725,0.302944,0.129956,0.08214,0.588195,0.252322,0.159483
JAnRCQ9A0vI$_$8,2,1.3333,2,0.013729,0.081792,0.904479,1.085429,0.904479,文本,0.480086,0.027253,0.01169,0.924968,0.052508,0.022524,0.8402,0.304059,0.047071,0.705262,0.255227,0.039511
JOK1SSmPtFw$_$10,1,0.0,2,0.090062,0.418734,0.491204,0.209017,0.491204,文本,0.12519,-0.02023,0.008144,0.815229,-0.131739,0.053032,0.140716,0.052889,0.096035,0.485832,0.182602,0.331566
JOK1SSmPtFw$_$13,0,-0.6667,2,0.051053,0.1605,0.788446,0.602241,0.788446,文本,0.388665,0.009001,0.034201,0.899965,0.020843,0.079192,0.425024,0.089846,0.156184,0.633367,0.133888,0.232744
JOK1SSmPtFw$_$14,1,0.0,1,0.084094,0.462853,0.453053,0.328183,0.462853,文本,0.062382,0.043095,0.014015,0.52206,0.360652,0.117289,0.136671,0.115445,0.151819,0.338349,0.285801,0.375849
JOK1SSmPtFw$_$16,1,0.0,1,0.070203,0.490577,0.439221,0.21827,0.490577,文本,0.094452,0.059792,0.00674,0.586716,0.371416,0.041868,0.05229,0.109635,0.103664,0.196882,0.412799,0.390319
JOK1SSmPtFw$_$0,2,1.3333,2,0.003656,0.026528,0.969815,1.440835,0.969815,文本,0.482291,0.008276,0.008047,0.967263,0.016598,0.016139,1.103121,0.2132,0.195208,0.729805,0.141049,0.129146
JOK1SSmPtFw$_$5,1,0.0,2,0.103217,0.269298,0.627486,0.402109,0.627486,文本,0.208403,-0.006551,0.077248,0.713214,-0.02242,0.264366,0.205736,0.066423,0.203807,0.432249,0.139555,0.428196
JOK1SSmPtFw$_$4,1,0.0,2,0.079858,0.382562,0.53758,0.259492,0.53758,文本,0.239699,-0.012257,-0.077614,0.727309,-0.03719,-0.235501,0.31919,0.071091,-0.050176,0.724679,0.161403,-0.113918
JOK1SSmPtFw$_$8,1,0.0,2,0.071503,0.458652,0.469845,0.286847,0.469845,文本,0.07888,-0.037737,0.032073,0.530501,-0.253796,0.215703,0.129048,0.049919,0.146693,0.396265,0.153286,0.450448
JPT38CA3sGI$_$1,2,1.0,2,0.15907,0.172353,0.668577,0.492649,0.668577,视觉,0.013313,0.117278,0.200408,0.04022,0.354315,0.605464,0.023813,0.296768,0.254479,0.04141,0.516065,0.442526
JPT38CA3sGI$_$0,2,0.6667,2,0.056176,0.148152,0.795672,0.644048,0.795672,文本,0.265755,0.060847,0.079875,0.653801,0.149693,0.196507,0.361408,0.229241,0.133797,0.498875,0.316436,0.184689
JPT38CA3sGI$_$5,2,1.3333,2,0.025838,0.186403,0.787759,0.676792,0.787759,文本,0.456905,0.002664,-0.005592,0.98225,0.005728,-0.012022,0.665509,0.135385,0.021927,0.808814,0.164538,0.026648
JVpF99zuQhA$_$0,2,0.3333,2,0.052801,0.388905,0.558294,0.392089,0.558294,文本,0.254261,0.028261,-0.142455,0.598293,0.066501,-0.335206,0.445229,0.175442,-0.194978,0.545858,0.215094,-0.239047
JVpF99zuQhA$_$2,1,0.0,1,0.102583,0.482281,0.415136,0.13527,0.482281,视觉,0.022045,0.023835,0.13846,0.119587,0.129301,0.751113,0.095517,0.157729,-0.155529,0.233667,0.385857,-0.380476
JVpF99zuQhA$_$4,1,0.0,1,0.062497,0.495786,0.441717,0.276813,0.495786,视觉,0.02512,0.01456,0.153862,0.12979,0.075227,0.794983,0.295263,0.150735,-0.157061,0.489609,0.24995,-0.26044
K0m1tO3Ybyc$_$15,1,0.0,2,0.025997,0.127814,0.846189,0.844566,0.846189,文本,0.295525,0.025451,0.094603,0.711116,0.061242,0.227642,0.408402,0.25064,0.23582,0.456385,0.280088,0.263527
K0m1tO3Ybyc$_$8,0,-1.3333,2,0.146822,0.12911,0.724069,0.661196,0.724069,视觉,0.010591,0.182269,0.223342,0.025447,0.437934,0.536619,-0.039598,0.461457,0.367518,-0.045589,0.531282,0.423128
K8gp7ncdUl8$_$5,2,1.0,2,0.103776,0.374081,0.522143,0.216196,0.522143,文本,0.209786,0.028675,-0.076418,0.666245,0.091067,-0.242689,0.321124,0.146177,-0.06318,0.605346,0.275555,-0.119099
KDjl2exStlI$_$10,1,0.0,1,0.119394,0.65263,0.227977,0.047284,0.65263,音频,0.058501,0.18507,0.072475,0.185102,0.58558,0.229318,0.029644,0.168763,-0.126917,0.09112,0.518754,-0.390127
KDjl2exStlI$_$13,1,0.0,1,0.213682,0.580065,0.206253,-0.234879,0.580065,文本,0.157978,0.041667,0.046311,0.6423,0.16941,0.18829,0.049658,-0.045104,0.160144,0.194809,-0.176945,0.628246
KDjl2exStlI$_$5,2,0.3333,2,0.022211,0.312436,0.665353,0.737888,0.665353,音频,0.074168,0.235476,-0.06363,0.198697,0.630839,-0.170464,0.21373,0.675729,-0.104929,0.214937,0.679542,-0.105521
KDjl2exStlI$_$4,1,0.0,1,0.121232,0.548094,0.330674,0.004709,0.548094,文本,0.088672,0.084099,0.069504,0.365997,0.347122,0.286881,0.177558,-0.010231,-0.09331,0.631657,-0.036395,-0.331948
KkKWFZZmmCM$_$1,1,0.0,2,0.027568,0.113289,0.859142,0.908637,0.859142,文本,0.473235,0.021856,-0.001974,0.952058,0.04397,-0.003972,0.697457,0.241066,0.054565,0.702311,0.242744,0.054945
KpMCvUyQCXg$_$1,1,0.0,2,0.116653,0.410458,0.472889,0.324807,0.472889,音频,-0.118988,0.119252,0.101199,-0.350543,0.351321,0.298137,-0.109654,0.373962,0.13803,-0.176393,0.601568,0.22204
KpMCvUyQCXg$_$3,0,-0.3333,1,0.210821,0.399174,0.390005,0.025347,0.399174,音频,0.017782,0.077891,-0.009702,0.16875,0.739175,-0.092075,-0.097117,0.204009,-0.030475,-0.292872,0.615224,-0.091903
KpMCvUyQCXg$_$5,2,0.3333,2,0.053479,0.245135,0.701386,0.502848,0.701386,文本,0.239163,0.070098,0.052596,0.660932,0.193716,0.145352,0.289373,0.240457,0.053913,0.49572,0.411923,0.092357
L1eFHRQGFeg$_$2,2,0.3333,2,0.35584,0.20942,0.43474,0.08023,0.43474,音频,0.016946,0.101218,-0.020051,0.122607,0.73232,-0.145073,-0.115003,0.245192,-0.015577,-0.306045,0.652502,-0.041454
MCsvw5-7lVE$_$1,2,1.3333,2,0.012641,0.082852,0.904507,0.862198,0.904507,文本,0.517577,0.017884,-0.006053,0.955796,0.033026,-0.011178,0.719347,0.174842,0.001654,0.802983,0.195171,0.001847
MCsvw5-7lVE$_$2,2,0.6667,2,0.027182,0.100668,0.87215,0.828196,0.87215,文本,0.531871,-0.007821,0.011909,0.964231,-0.014179,0.02159,0.769703,0.044353,0.085361,0.85578,0.049313,0.094907
MCsvw5-7lVE$_$4,1,0.0,2,0.040663,0.173586,0.785751,0.490875,0.785751,文本,0.487306,-0.027145,0.03774,0.882495,-0.049158,0.068347,0.598616,-0.020324,0.090358,0.843955,-0.028654,0.12739
MMpo2bDk-DU$_$10,0,-0.3333,2,0.143667,0.326159,0.530175,0.193848,0.530175,文本,0.171008,0.064358,-0.072269,0.555881,0.209202,-0.234917,0.148843,0.164775,-0.061383,0.396914,0.4394,-0.163686
MMpo2bDk-DU$_$17,0,-0.6667,2,0.157134,0.408919,0.433948,0.141631,0.433948,音频,0.029809,0.065532,-0.024357,0.249037,0.547479,-0.203485,0.012953,0.169183,0.00477,0.069301,0.905178,0.025521
MMpo2bDk-DU$_$16,0,-1.0,2,0.178246,0.389614,0.43214,0.147547,0.43214,音频,0.041081,0.062483,-0.024373,0.321103,0.488389,-0.190508,0.011395,0.170741,0.010177,0.059253,0.887829,0.052917
MMpo2bDk-DU$_$19,2,1.6667,2,0.007289,0.068438,0.924272,1.043331,0.924272,文本,0.550462,0.021111,0.000331,0.962509,0.036913,0.000579,0.93432,0.232916,0.041503,0.772971,0.192693,0.034336
MjaaudUc5-4$_$1,1,0.0,0,0.805953,0.131463,0.062584,-0.831565,0.805953,文本,0.589962,-0.056787,0.014479,0.892222,-0.085881,0.021897,0.943132,-0.189497,0.067121,0.786107,-0.157947,0.055946
MjaaudUc5-4$_$0,0,-0.3333,2,0.104177,0.352811,0.543012,0.228214,0.543012,文本,0.225309,-0.049665,-0.056152,0.680432,-0.149988,-0.16958,0.254245,0.050116,-0.041628,0.734836,0.144849,-0.120315
MjaaudUc5-4$_$3,2,0.6667,2,0.06278,0.231738,0.705481,0.397106,0.705481,文本,0.337839,-0.002863,-0.018409,0.940766,-0.007972,-0.051262,0.279158,0.112658,-0.01225,0.690873,0.278811,-0.030316
MjaaudUc5-4$_$6,2,0.6667,0,0.441551,0.348437,0.210012,-0.324138,0.441551,文本,0.159253,-0.025033,0.005594,0.838703,-0.131838,0.02946,0.321304,-0.014012,0.069619,0.79347,-0.034604,0.171926
MoQmPA7Q07Q$_$1,2,1.3333,2,0.067586,0.124887,0.807527,0.707659,0.807527,文本,0.364609,0.054474,0.052387,0.773345,0.115541,0.111114,0.523578,0.197929,0.118009,0.623667,0.235765,0.140568
MoQmPA7Q07Q$_$2,2,1.6667,2,0.000454,0.003487,0.996059,2.139022,0.996059,文本,0.543581,0.000853,0.002316,0.994205,0.00156,0.004235,1.954832,0.179273,0.183998,0.84329,0.077336,0.079375
N1X63d_jgmw$_$5,2,0.3333,2,0.102793,0.233206,0.664001,0.40962,0.664001,文本,0.269749,0.068587,-0.022712,0.747128,0.189967,-0.062905,0.244898,0.19463,4.5e-05,0.557127,0.442771,0.000102
N5xfBtD6rLY$_$7,2,0.6667,2,0.076875,0.380224,0.542901,0.353848,0.542901,文本,0.196905,-0.019892,0.0,0.908244,-0.091756,0.0,0.312307,0.108803,0.0,0.741627,0.258373,0.0
NoZsdSGnNpI$_$7,1,0.0,2,0.080039,0.171295,0.748666,0.526466,0.748666,文本,0.408841,0.055715,-0.025597,0.834109,0.113669,-0.052222,0.520446,0.170597,-0.074328,0.679992,0.222894,-0.097114
Nrurc5sMUOE$_$5,0,-0.3333,0,0.799447,0.130397,0.070157,-0.819866,0.799447,文本,0.557193,-0.055659,0.0233,0.875881,-0.087493,0.036626,0.774701,-0.166767,0.171576,0.69602,-0.14983,0.15415
Nrurc5sMUOE$_$7,1,0.0,1,0.397072,0.420654,0.182274,-0.346076,0.420654,视觉,-0.010604,0.04736,0.066723,-0.085043,0.379832,0.535125,0.21243,-0.076411,0.210541,0.425386,-0.153012,0.421603
Nrurc5sMUOE$_$8,1,0.0,0,0.570307,0.288944,0.140749,-0.424529,0.570307,文本,0.359015,-0.160863,0.026478,0.657109,-0.294429,0.048462,0.487632,-0.30224,0.137865,0.525614,-0.325782,0.148604
NzvNW7vP-Co$_$5,2,1.3333,2,0.020678,0.11835,0.860972,0.892895,0.860972,文本,0.541902,0.004699,-0.041859,0.920882,0.007985,-0.071133,0.768653,0.234398,-0.084562,0.706734,0.215516,-0.07775
NzvNW7vP-Co$_$4,1,0.0,1,0.164092,0.556279,0.279629,0.068431,0.556279,音频,0.059765,0.093824,0.068408,0.269215,0.422637,0.308148,0.09977,0.126661,-0.070213,0.33633,0.426981,-0.23669
NzvNW7vP-Co$_$7,1,0.0,2,0.065165,0.183464,0.751372,0.584288,0.751372,文本,0.446227,-0.009821,-0.068898,0.850043,-0.018709,-0.131248,0.485183,0.135806,-0.085684,0.686573,0.192177,-0.12125
OLP0nCKwU6k$_$6,0,-0.6667,1,0.346844,0.436304,0.216852,-0.183294,0.436304,音频,-0.005124,0.101143,0.021208,-0.040193,0.793435,0.166372,0.073834,-0.040371,0.145877,0.283887,-0.155223,0.56089
OrYBtyO0aPI$_$1,2,0.6667,0,0.547417,0.323207,0.129376,-0.384029,0.547417,文本,0.211783,-0.096682,0.082625,0.541521,-0.247211,0.211268,0.241989,-0.113007,0.170407,0.460578,-0.215087,0.324335
OrYBtyO0aPI$_$4,2,1.0,2,0.01133,0.115376,0.873294,0.802481,0.873294,文本,0.405957,0.010754,0.008027,0.955783,0.025319,0.018899,0.468549,0.177864,0.095716,0.631357,0.239668,0.128975
PboaYD5hlG8$_$10,2,1.0,2,0.028508,0.261305,0.710187,0.586441,0.710187,文本,0.256475,0.037871,0.010472,0.841401,0.124242,0.034356,0.247322,0.291377,0.023954,0.439564,0.517862,0.042574
PboaYD5hlG8$_$3,2,1.3333,2,0.02379,0.130976,0.845234,0.983085,0.845234,文本,0.432331,-0.00773,0.0456,0.89019,-0.015917,0.093893,0.662171,0.220493,0.209354,0.606373,0.201913,0.191713
PboaYD5hlG8$_$2,0,-0.6667,1,0.071451,0.512924,0.415625,0.385135,0.512924,文本,0.154724,0.008952,0.006807,0.907565,0.052508,0.039927,0.030997,0.344175,0.047483,0.073339,0.814317,0.112345
PboaYD5hlG8$_$7,1,0.0,1,0.265911,0.396012,0.338077,0.119014,0.396012,音频,-0.026218,0.112123,0.027077,-0.158498,0.677813,0.163689,-0.110093,0.333894,-0.033763,-0.230441,0.698888,-0.070671
PboaYD5hlG8$_$9,1,0.0,2,0.13357,0.337384,0.529046,0.554735,0.529046,视觉,-0.046186,0.025052,0.179661,-0.184082,0.09985,0.716068,-0.004835,0.298442,0.36692,-0.007214,0.445305,0.547481
PboaYD5hlG8$_$8,0,-1.3333,0,0.611281,0.151489,0.23723,-0.13,0.611281,文本,0.451265,-0.12684,-0.04172,0.728052,-0.204639,-0.067309,0.580822,-0.289074,-0.214609,0.535564,-0.266549,-0.197887
Pt-D0LUHDSc$_$2,2,0.3333,2,0.009624,0.095454,0.894922,1.302743,0.894922,文本,0.302661,0.015915,0.085298,0.749395,0.039406,0.2112,0.757842,0.24194,0.378594,0.549808,0.175526,0.274667
PwapK9d8IGk$_$4,1,0.0,1,0.241021,0.400061,0.358918,0.070646,0.400061,音频,-0.038037,0.076617,0.068068,-0.208171,0.419308,0.372521,0.147406,0.112427,-0.130377,0.377761,0.288119,-0.33412
PyQrAYl1bFs$_$0,2,1.0,2,0.010282,0.130261,0.859457,0.935299,0.859457,文本,0.224928,0.040594,0.099251,0.616625,0.111285,0.27209,0.403096,0.244038,0.303368,0.424087,0.256747,0.319166
PyQrAYl1bFs$_$3,2,2.0,2,0.003993,0.022646,0.973362,1.464939,0.973362,文本,0.530619,0.002833,0.00897,0.978239,0.005223,0.016538,1.268816,0.16216,0.137083,0.809163,0.103414,0.087422
PyQrAYl1bFs$_$4,2,0.1667,2,0.044724,0.144275,0.811001,0.686392,0.811001,文本,0.456207,0.005729,-0.015324,0.955888,0.012004,-0.032109,0.621541,0.120843,-0.058898,0.775683,0.150812,-0.073505
Q4WzApjaCNI$_$0,2,0.6667,2,0.092304,0.191545,0.716151,0.601269,0.716151,文本,0.245262,0.134387,0.0,0.646023,0.353977,0.0,0.35129,0.31333,0.0,0.528557,0.471443,0.0
Q7S0tX4FUNA$_$4,2,0.6667,2,0.098206,0.431901,0.469893,0.240199,0.469893,文本,0.121079,0.004375,-0.03773,0.741976,0.026811,-0.231213,0.148503,0.123972,-0.003957,0.537214,0.448473,-0.014313
Q7S0tX4FUNA$_$7,2,0.6667,2,0.11953,0.405956,0.474514,0.21082,0.474514,音频,0.038711,0.050341,0.0,0.434701,0.565299,0.0,-0.003741,0.187172,0.0,-0.019595,0.980405,0.0
Q7S0tX4FUNA$_$8,0,-0.6667,2,0.276636,0.269917,0.453447,0.147623,0.453447,音频,-0.08046,0.205421,0.006908,-0.274806,0.701599,0.023595,-0.215193,0.422108,0.027024,-0.323928,0.635394,0.040679
Qa6Yz62V-Yc$_$0,2,0.6667,2,0.182286,0.29185,0.525864,0.301359,0.525864,文本,0.102619,0.010584,0.089012,0.507475,0.052338,0.440187,0.145772,0.072062,0.169942,0.375917,0.185835,0.438248
QjcQx8_PQfw$_$10,2,1.0,2,0.020414,0.087375,0.892211,0.754081,0.892211,文本,0.554751,0.006503,0.001959,0.984976,0.011546,0.003479,0.82973,0.107031,-0.063501,0.829513,0.107003,-0.063485
QjcQx8_PQfw$_$7,0,-0.3333,1,0.199954,0.417983,0.382063,-0.098585,0.417983,视觉,0.016797,0.022009,0.063158,0.164734,0.215849,0.619417,-0.080085,-0.120145,0.205183,-0.19754,-0.296352,0.506108
QpchvHpGFc8$_$3,2,0.6667,2,0.136174,0.35357,0.510257,0.285755,0.510257,文本,0.162483,-0.035644,0.030015,0.712201,-0.156236,0.131564,0.304933,0.041198,0.018063,0.837281,0.113122,0.049597
RArhIHk4Qs4$_$13,2,0.3333,1,0.205165,0.477311,0.317524,-0.01929,0.477311,视觉,-0.011006,0.099994,0.105619,-0.050809,0.461613,0.487579,-0.061387,-0.086347,0.18319,-0.185501,-0.260927,0.553572
RArhIHk4Qs4$_$17,1,0.0,0,0.449631,0.296159,0.25421,-0.276377,0.449631,文本,0.156908,-0.072726,0.057922,0.545659,-0.252911,0.201429,0.189664,-0.081917,0.134434,0.467135,-0.201759,0.331106
RArhIHk4Qs4$_$16,2,0.3333,0,0.579705,0.314516,0.10578,-0.587379,0.579705,文本,0.340264,-0.107083,0.021463,0.725804,-0.228415,0.045781,0.545603,-0.142702,0.170648,0.635195,-0.166135,0.19867
RArhIHk4Qs4$_$19,2,0.3333,1,0.166426,0.570959,0.262615,-0.039658,0.570959,文本,0.106731,0.058228,0.087509,0.422753,0.230634,0.346613,-0.039619,-0.128942,0.117396,-0.138549,-0.450914,0.410537
RArhIHk4Qs4$_$1,1,0.0,2,0.056241,0.337289,0.60647,0.328882,0.60647,文本,0.289334,0.007642,-0.065116,0.799062,0.021104,-0.179834,0.368634,0.135479,-0.070995,0.640982,0.235571,-0.123446
RArhIHk4Qs4$_$2,2,0.3333,2,0.288073,0.326886,0.385041,-0.060221,0.385041,文本,0.052269,0.034777,-0.03534,0.427086,0.284157,-0.288757,0.035461,-0.136292,0.07775,0.142128,-0.546252,0.31162
RArhIHk4Qs4$_$7,2,0.3333,2,0.10386,0.389393,0.506747,0.101153,0.506747,文本,0.277853,-0.023063,-0.148333,0.618484,-0.051336,-0.33018,0.333605,0.055727,-0.183962,0.58191,0.097205,-0.320886
RArhIHk4Qs4$_$6,2,0.3333,0,0.600962,0.269386,0.129652,-0.535573,0.600962,文本,0.304931,-0.074911,0.071386,0.67578,-0.166017,0.158204,0.396462,-0.082021,0.177657,0.604234,-0.125005,0.27076
RArhIHk4Qs4$_$8,1,0.0,0,0.424405,0.214667,0.360928,-0.035562,0.424405,文本,0.1522,-0.097027,0.120128,0.41207,-0.262692,0.325238,-0.072358,-0.131712,0.265848,-0.15398,-0.280287,0.565733
RArhIHk4Qs4$_$21,1,0.0,2,0.016993,0.116697,0.86631,0.718967,0.86631,文本,0.548679,-0.000791,-0.002526,0.99399,-0.001434,-0.004577,0.692271,0.150066,0.015611,0.806891,0.174913,0.018196
ROcTx5VEn7o$_$11,1,0.0,2,0.075958,0.340859,0.583183,0.379914,0.583183,文本,0.215261,0.01185,0.01484,0.889688,0.048977,0.061336,0.310876,0.127325,0.025174,0.670894,0.274778,0.054328
ROcTx5VEn7o$_$1,2,0.3333,2,0.078975,0.457626,0.463399,0.320833,0.463399,文本,0.071944,0.033984,0.007134,0.636324,0.30058,0.063096,0.13998,0.26011,-0.009344,0.341887,0.635291,-0.022822
ROcTx5VEn7o$_$5,0,-0.3333,1,0.264802,0.449806,0.285392,-0.08594,0.449806,音频,0.075656,0.089401,-0.005336,0.44401,0.524673,-0.031317,0.028846,-0.07817,0.092635,0.144482,-0.391534,0.463984
ROcTx5VEn7o$_$9,1,0.0,1,0.17134,0.495715,0.332945,0.007438,0.495715,文本,0.103898,0.053752,0.028076,0.559415,0.289415,0.15117,0.053478,0.092779,-0.07677,0.239783,0.415998,-0.344218
RrGpzInAwCg$_$0,2,0.6667,2,0.062368,0.346026,0.591606,0.507028,0.591606,视觉,-0.025724,-0.004847,0.20359,-0.109856,-0.020701,0.869443,0.117514,0.11177,0.403017,0.185852,0.176767,0.637381
RzOFxDk26p0$_$1,2,1.3333,2,0.00499,0.042564,0.952446,1.32808,0.952446,文本,0.649275,0.015894,-0.016987,0.951798,0.0233,-0.024902,1.330167,0.269011,-0.110291,0.778117,0.157365,-0.064517
RzOFxDk26p0$_$0,2,1.3333,1,0.104476,0.520469,0.375055,0.202195,0.520469,视觉,0.046391,0.047731,0.175575,0.172012,0.176981,0.651007,0.233645,0.267707,-0.231554,0.318793,0.365268,-0.315939
SHa756SwGJQ$_$0,2,0.3333,1,0.095605,0.495937,0.408458,0.317979,0.495937,视觉,0.000939,0.024248,0.151899,0.005304,0.136927,0.857769,0.062656,0.278366,0.05673,0.157525,0.699849,0.142626
SHa756SwGJQ$_$2,1,0.0,2,0.063654,0.232853,0.703493,0.665509,0.703493,文本,0.222294,0.058696,0.040532,0.691382,0.182556,0.126062,0.281304,0.312258,0.119588,0.394452,0.437858,0.16769
SHa756SwGJQ$_$4,0,-1.0,1,0.254983,0.476978,0.268039,-0.069889,0.476978,音频,-0.025291,0.137602,0.099412,-0.096417,0.524589,0.378995,0.111861,-0.186952,0.153704,0.247198,-0.413137,0.339665
SHa756SwGJQ$_$7,2,0.3333,1,0.211167,0.458618,0.330215,0.166782,0.458618,音频,0.021052,0.084373,0.083081,0.11168,0.447588,0.440732,-0.001248,0.322173,-0.101165,-0.00294,0.758794,-0.238266
SHa756SwGJQ$_$6,1,0.0,2,0.061176,0.332723,0.606101,0.517778,0.606101,文本,0.244145,0.069597,-0.081175,0.618218,0.176232,-0.20555,0.347347,0.279058,-0.041612,0.519967,0.417741,-0.062292
TH32jop4FiI$_$15,2,0.3333,1,0.313693,0.461152,0.225155,-0.091387,0.461152,音频,0.060469,0.135143,0.002484,0.30525,0.682209,0.012541,0.181079,-0.30379,0.147312,0.286435,-0.480542,0.233023
TH32jop4FiI$_$17,2,1.0,2,0.037081,0.172477,0.790442,0.745054,0.790442,文本,0.348828,0.051593,0.001848,0.867151,0.128256,0.004593,0.52869,0.269892,-0.000244,0.661834,0.337861,-0.000305
TWszOxkOV0w$_$1,0,-2.3333,0,0.427035,0.179004,0.393961,0.071733,0.427035,文本,0.276976,-0.27524,0.0046,0.497429,-0.49431,0.00826,-0.307363,0.449558,0.048379,-0.381675,0.558249,0.060076
TXCXFYIc3Yo$_$16,2,2.0,2,0.178741,0.384066,0.437193,0.07046,0.437193,文本,0.161292,0.015626,-0.12368,0.536569,0.051984,-0.411447,0.186477,0.058795,-0.1221,0.507596,0.160043,-0.33236
TXCXFYIc3Yo$_$2,2,0.6667,2,0.124031,0.265851,0.610117,0.360625,0.610117,文本,0.35225,-0.00438,-0.163337,0.677448,-0.008423,-0.31413,0.524723,0.074454,-0.275992,0.599567,0.085074,-0.315359
TXCXFYIc3Yo$_$7,2,1.3333,2,0.266259,0.284333,0.449408,0.282976,0.449408,文本,0.173542,-0.000279,-0.124811,0.581123,-0.000935,-0.417942,0.363909,0.116082,-0.164517,0.564631,0.180109,-0.25526
TXCXFYIc3Yo$_$6,2,1.3333,2,0.109636,0.200242,0.690122,0.3764,0.690122,文本,0.438626,-0.029807,-0.079357,0.800719,-0.054414,-0.144867,0.564721,0.003185,-0.175892,0.75924,0.004282,-0.236479
TYJzg5IJN8o$_$11,0,-0.3333,2,0.168929,0.390921,0.44015,0.202018,0.44015,视觉,0.115283,0.075189,-0.14768,0.340922,0.222352,-0.436727,0.199209,0.242067,-0.169445,0.326186,0.396363,-0.27745
TYJzg5IJN8o$_$10,0,-0.3333,1,0.340499,0.42096,0.238541,-0.146152,0.42096,视觉,-0.001428,0.074623,0.079104,-0.009201,0.480959,0.50984,0.178623,-0.170967,0.158854,0.351313,-0.336255,0.312433
TYJzg5IJN8o$_$14,2,1.0,2,0.013176,0.071909,0.914915,1.001443,0.914915,文本,0.51389,0.040383,-0.01391,0.904444,0.071074,-0.024482,0.834599,0.278883,-0.026213,0.7323,0.244699,-0.023
TYJzg5IJN8o$_$0,2,1.3333,2,0.027671,0.126107,0.846223,0.889121,0.846223,文本,0.292028,0.054505,0.065263,0.709158,0.132359,0.158483,0.460376,0.269588,0.234723,0.477228,0.279457,0.243315
TYJzg5IJN8o$_$4,2,0.3333,2,0.036279,0.158951,0.80477,0.741349,0.80477,文本,0.34802,0.06961,0.00105,0.83123,0.166261,0.002508,0.472717,0.275855,0.039675,0.599707,0.349961,0.050333
TYJzg5IJN8o$_$7,1,0.0,2,0.005564,0.028331,0.966105,1.43021,0.966105,文本,0.620413,0.011491,-0.006895,0.971218,0.017988,-0.010794,1.380019,0.23469,-0.054922,0.826541,0.140564,-0.032895
Uc_6d-fkZEc$_$3,1,0.0,2,0.006325,0.051438,0.942237,1.200781,0.942237,文本,0.594448,0.028458,-0.021081,0.923075,0.04419,-0.032735,1.109683,0.37881,-0.183295,0.66377,0.22659,-0.10964
UlTJmndbGHM$_$1,2,1.6667,2,0.001429,0.008683,0.989887,1.983023,0.989887,文本,0.299864,0.004715,0.032013,0.890884,0.014007,0.095109,1.375806,0.262603,0.672314,0.595401,0.113645,0.290954
UlTJmndbGHM$_$4,0,-1.0,0,0.681877,0.174236,0.143887,-0.482155,0.681877,文本,0.47306,-0.067435,0.0,0.875235,-0.124765,0.0,0.728994,-0.227455,-0.0,0.762188,-0.237812,-0.0
VbV9S4svrTg$_$13,1,0.0,2,0.019263,0.140413,0.840324,0.776746,0.840324,文本,0.409513,0.006172,0.034263,0.910133,0.013717,0.07615,0.578899,0.17912,0.154884,0.63413,0.196209,0.169661
VbV9S4svrTg$_$3,2,1.3333,2,0.020582,0.147692,0.831726,0.694807,0.831726,文本,0.422643,0.019702,0.022534,0.909146,0.04238,0.048473,0.595986,0.145974,0.157449,0.662642,0.1623,0.175059
VbV9S4svrTg$_$7,2,1.0,2,0.004306,0.025709,0.969985,1.334774,0.969985,文本,0.567084,0.00318,0.006557,0.983119,0.005514,0.011367,1.278069,0.131489,0.112789,0.839539,0.086373,0.074089
VbV9S4svrTg$_$8,2,0.6667,2,0.027085,0.135624,0.83729,0.836107,0.83729,文本,0.334295,0.056219,0.029634,0.795659,0.133808,0.070533,0.502947,0.25699,0.145029,0.555763,0.283978,0.160259
VinxKpWioTo$_$1,2,1.0,2,0.001197,0.020606,0.978197,1.430917,0.978197,文本,0.504627,0.003281,0.005344,0.983195,0.006393,0.010412,1.14963,0.210281,0.123088,0.775206,0.141794,0.082999
VinxKpWioTo$_$0,1,0.0,2,0.028107,0.244546,0.727347,0.674676,0.727347,文本,0.382664,-0.01096,-0.054989,0.852994,-0.024431,-0.122575,0.612558,0.111504,-0.016944,0.826657,0.150477,-0.022866
VinxKpWioTo$_$3,2,0.3333,2,0.011479,0.09334,0.895181,0.806394,0.895181,文本,0.457965,0.004785,0.024149,0.940575,0.009827,0.049598,0.592122,0.137061,0.128293,0.69054,0.159843,0.149617
VinxKpWioTo$_$5,2,0.6667,2,0.004717,0.040028,0.955255,1.144063,0.955255,文本,0.52764,0.001857,0.01095,0.976303,0.003437,0.020261,0.950397,0.131727,0.113976,0.79458,0.110131,0.09529
ViyQVpGW05w$_$1,2,1.6667,2,0.035308,0.322455,0.642236,0.576594,0.642236,视觉,0.076738,-0.042126,0.233622,0.217706,-0.11951,0.662784,0.18027,0.036257,0.442176,0.273674,0.055043,0.671283
ViyQVpGW05w$_$4,1,0.0,2,0.144932,0.29361,0.561458,0.385617,0.561458,视觉,-0.032848,0.091939,0.158666,-0.115885,0.324355,0.559761,-0.02577,0.241683,0.225413,-0.052287,0.490362,0.457351
ViyQVpGW05w$_$6,0,-0.3333,0,0.62816,0.236933,0.134907,-0.402912,0.62816,文本,0.439008,-0.126115,0.045754,0.718651,-0.206449,0.074899,0.710413,-0.227664,-0.043961,0.723407,-0.231828,-0.044765
Vuay0mVKkik$_$3,0,-2.0,2,0.208531,0.149396,0.642073,0.330836,0.642073,文本,0.208631,0.142582,-0.035013,0.540179,0.369167,-0.090654,0.210509,0.277609,-0.083633,0.368183,0.485543,-0.146275
WmQF5RmbsVQ$_$6,1,0.0,2,0.044634,0.290587,0.664779,0.356782,0.664779,文本,0.285821,0.037775,-0.023112,0.824385,0.108953,-0.066662,0.318466,0.1274,-0.040492,0.654798,0.261946,-0.083256
Wrcf2xtqbkQ$_$9,1,0.0,1,0.227357,0.483144,0.289498,-0.020647,0.483144,文本,0.101219,0.054085,0.015882,0.59128,0.315942,0.092777,-0.016391,-0.149069,0.09184,-0.063705,-0.579358,0.356937
Wrcf2xtqbkQ$_$8,0,-0.3333,2,0.102871,0.276211,0.620919,0.352473,0.620919,文本,0.335471,-0.007612,-0.045823,0.862601,-0.019573,-0.117826,0.48332,0.070193,-0.094663,0.745663,0.108293,-0.146045
WxajvjGKz7Y$_$0,2,0.6667,2,0.062286,0.44161,0.496104,0.26274,0.496104,文本,0.142416,0.052801,-0.090625,0.498235,0.18472,-0.317045,0.162577,0.175153,-0.053974,0.415051,0.447157,-0.137793
WxajvjGKz7Y$_$3,1,0.0,1,0.172503,0.462004,0.365493,0.047857,0.462004,视觉,0.03105,0.048635,0.080602,0.193715,0.303425,0.50286,0.034641,0.123086,-0.064918,0.155589,0.552834,-0.291577
WxajvjGKz7Y$_$6,1,0.0,1,0.125406,0.460972,0.413621,0.179439,0.460972,视觉,0.023076,0.0405,0.095562,0.145007,0.254494,0.600498,0.138817,0.125666,-0.063802,0.422855,0.382796,-0.19435
XIGpuL-Kkyk$_$12,2,2.0,2,0.034907,0.275021,0.690073,0.641034,0.690073,文本,0.370497,0.051633,-0.129482,0.671662,0.093604,-0.234734,0.499253,0.238597,-0.10068,0.595391,0.284542,-0.120067
XIGpuL-Kkyk$_$0,1,0.0,2,0.202063,0.367005,0.430931,0.135275,0.430931,音频,-0.091301,0.144909,0.0,-0.386525,0.613475,0.0,-0.190683,0.313581,0.0,-0.378141,0.621859,0.0
XIGpuL-Kkyk$_$4,2,1.0,2,0.004833,0.037725,0.957442,1.318472,0.957442,文本,0.358554,0.012758,0.047322,0.856485,0.030476,0.11304,0.825164,0.228754,0.36801,0.580313,0.160876,0.25881
XIGpuL-Kkyk$_$7,1,0.0,2,0.034191,0.259428,0.706381,0.575776,0.706381,文本,0.260004,0.052617,0.0,0.83169,0.16831,0.0,0.339232,0.239602,0.0,0.586061,0.413939,0.0
XaVYxIW0FDg$_$2,2,0.3333,2,0.089722,0.33097,0.579308,0.352094,0.579308,文本,0.148602,0.004187,0.083664,0.628462,0.017709,0.353829,0.244162,0.098945,0.115974,0.531849,0.215528,0.252622
XyP8bVmGX6M$_$4,2,0.6667,2,0.002909,0.029223,0.967868,1.560515,0.967868,文本,0.195729,0.004733,0.135756,0.58215,0.014078,0.403772,0.930194,0.180086,0.836439,0.477827,0.092507,0.429666
XzVapdEr_GY$_$3,2,1.3333,2,0.029921,0.114795,0.855284,0.772665,0.855284,文本,0.501358,0.024397,-0.011132,0.933824,0.045442,-0.020734,0.748258,0.152151,-0.03099,0.80337,0.163358,-0.033272
XzVapdEr_GY$_$4,2,2.3333,2,0.007024,0.051418,0.941558,1.002588,0.941558,文本,0.611749,0.001472,0.000168,0.997326,0.002399,0.000274,1.024414,0.085427,5.7e-05,0.92298,0.076968,5.1e-05
Y7h-S3cJ52o$_$0,1,0.0,2,0.017698,0.258667,0.723635,0.677007,0.723635,文本,0.357045,-0.00672,-0.025527,0.917164,-0.017263,-0.065573,0.523716,0.158201,0.04538,0.720086,0.21752,0.062395
Y7qkyMyanjU$_$2,1,0.0,2,0.190498,0.384811,0.424691,0.033275,0.424691,文本,0.054971,0.012496,0.0,0.814786,0.185214,0.0,-0.05089,0.113406,0.0,-0.309746,0.690254,0.0
Y7qkyMyanjU$_$4,2,0.6667,2,0.099724,0.358786,0.541489,0.216732,0.541489,文本,0.171646,-0.004472,0.0,0.974606,-0.025394,0.0,0.108147,0.120137,0.0,0.473739,0.526261,0.0
YbuG8xyUO-o$_$3,1,0.0,1,0.159698,0.529969,0.310333,-0.001087,0.529969,音频,0.072701,0.075106,0.051524,0.364724,0.376789,0.258487,0.00742,-0.081977,0.014545,0.071389,-0.788673,0.139937
YbuG8xyUO-o$_$2,2,0.6667,1,0.155738,0.610449,0.233814,-0.048249,0.610449,文本,0.147986,0.100385,0.046265,0.502268,0.340709,0.157024,0.059038,-0.108367,0.062807,0.256452,-0.470726,0.272822
Z7L3V5bwzI0$_$2,2,2.3333,2,0.018312,0.06933,0.912358,0.987197,0.912358,文本,0.375476,0.068598,0.013766,0.820102,0.14983,0.030068,0.65638,0.355088,0.050451,0.618107,0.334383,0.04751
ZaoFHcbRM9g$_$3,2,1.6667,2,0.18982,0.142735,0.667445,0.431123,0.667445,音频,0.14917,0.150576,0.09541,0.377496,0.381055,0.241449,0.083273,0.287713,0.211164,0.143044,0.494225,0.362731
ZaoFHcbRM9g$_$2,1,0.0,1,0.341166,0.430662,0.228171,-0.123675,0.430662,音频,0.040511,0.101711,0.034174,0.229657,0.576609,0.193734,0.29054,-0.26719,-0.033622,0.491315,-0.451829,-0.056856
ZaoFHcbRM9g$_$5,2,0.3333,0,0.403808,0.359772,0.23642,-0.067907,0.403808,音频,0.241317,-0.244981,-0.029891,0.467496,-0.474596,-0.057907,0.335834,-0.413284,-0.036363,0.427552,-0.526154,-0.046294
ZaoFHcbRM9g$_$9,0,-1.3333,1,0.338823,0.343208,0.317968,-0.002337,0.343208,音频,-0.068122,0.1589,0.044741,-0.250667,0.584702,0.164632,0.33242,-0.540145,-0.028177,0.369051,-0.599667,-0.031282
ZaoFHcbRM9g$_$8,0,-1.0,0,0.842058,0.098464,0.059478,-0.835969,0.842058,文本,0.646054,-0.061958,0.015875,0.892479,-0.08559,0.02193,0.960083,-0.281262,0.10698,0.712056,-0.208601,0.079343
Zvisaa77Cng$_$1,0,-0.6667,2,0.190525,0.200254,0.609221,0.439261,0.609221,文本,0.193314,0.149135,-0.016617,0.53838,0.415341,-0.046279,0.229955,0.410349,-0.071718,0.32296,0.576315,-0.100724
Zvisaa77Cng$_$5,2,0.6667,2,0.102551,0.212196,0.685253,0.482399,0.685253,文本,0.349057,0.01349,-0.006419,0.946042,0.03656,-0.017398,0.425182,0.140794,0.033942,0.708733,0.234688,0.056578
_7HVhnSYX1Y$_$26,1,0.0,2,0.070652,0.327142,0.602206,0.260433,0.602206,文本,0.264208,-0.019992,0.024866,0.85486,-0.064685,0.080455,0.283747,0.078575,0.033427,0.716989,0.198547,0.084465
_7HVhnSYX1Y$_$12,1,0.0,2,0.045922,0.22862,0.725459,0.382953,0.725459,文本,0.372363,0.0081,-0.011999,0.948788,0.020638,-0.030574,0.357392,0.119356,-0.019494,0.720196,0.24052,-0.039283
_7HVhnSYX1Y$_$14,2,0.3333,2,0.041393,0.167833,0.790774,0.426546,0.790774,文本,0.475376,0.004796,-0.006321,0.977149,0.009859,-0.012992,0.449993,0.095044,-0.012711,0.806804,0.170407,-0.022789
_7HVhnSYX1Y$_$19,2,0.6667,1,0.165693,0.430656,0.403651,0.079589,0.430656,文本,0.06301,0.046541,0.005707,0.546685,0.403799,0.049516,0.074317,0.093525,0.030669,0.374373,0.471133,0.154494
_7HVhnSYX1Y$_$31,2,0.6667,2,0.031302,0.160662,0.808036,0.489346,0.808036,文本,0.466454,-0.017958,0.034628,0.898685,-0.034599,0.066716,0.527315,0.039741,0.059496,0.841614,0.063427,0.094958
_7HVhnSYX1Y$_$3,2,0.6667,2,0.040834,0.22981,0.729356,0.453548,0.729356,文本,0.38175,-0.009428,0.017471,0.934175,-0.023072,0.042754,0.432367,0.073153,0.036379,0.797873,0.134994,0.067133
_BvNNdEkhZA$_$14,0,-0.6667,0,0.577001,0.277222,0.145777,-0.479185,0.577001,文本,0.229885,-0.045116,0.073278,0.66006,-0.129541,0.210399,0.251619,-0.033508,0.223164,0.49503,-0.065923,0.439048
_BvNNdEkhZA$_$19,2,0.6667,2,0.07256,0.365971,0.561469,0.335528,0.561469,文本,0.254117,0.025838,-0.127576,0.623552,0.063402,-0.313045,0.344818,0.177403,-0.146231,0.515846,0.265394,-0.21876
_BvNNdEkhZA$_$7,2,1.0,2,0.042523,0.274226,0.683251,0.424686,0.683251,文本,0.37824,-0.002842,-0.086115,0.809594,-0.006083,-0.184323,0.456663,0.127617,-0.120321,0.648116,0.18112,-0.170765
_BvNNdEkhZA$_$6,1,0.0,0,0.539095,0.233091,0.227814,-0.328436,0.539095,文本,0.27336,-0.110547,0.092513,0.57378,-0.232037,0.194184,0.263319,-0.172166,0.228121,0.3968,-0.25944,0.34376
_BvNNdEkhZA$_$9,2,0.3333,1,0.316885,0.477316,0.205799,-0.221839,0.477316,音频,0.04569,0.10322,0.012383,0.283274,0.639953,0.076774,0.153166,-0.16324,0.174353,0.3121,-0.332627,0.355273
_aZDaIfGfPo$_$1,2,0.6667,2,0.009843,0.045391,0.944766,1.308118,0.944766,文本,0.454713,0.014352,0.017188,0.935137,0.029516,0.035348,0.936385,0.248912,0.173112,0.689325,0.183238,0.127437
_aZDaIfGfPo$_$0,2,1.3333,2,0.013693,0.085483,0.900824,1.070365,0.900824,文本,0.240702,0.01733,0.144163,0.598471,0.04309,0.35844,0.414413,0.193082,0.542226,0.360446,0.167938,0.471616
_gr7o5ynhnw$_$13,2,0.3333,2,0.039528,0.368895,0.591577,0.243131,0.591577,文本,0.30462,-0.055318,-0.064096,0.718385,-0.130457,-0.151158,0.315228,0.014818,-0.057929,0.812495,0.038193,-0.149311
_gr7o5ynhnw$_$12,2,0.6667,2,0.018515,0.176275,0.80521,0.5697,0.80521,文本,0.478806,-0.020611,-0.03001,0.904386,-0.03893,-0.056684,0.567506,0.064883,-0.046363,0.836103,0.095591,-0.068306
_gr7o5ynhnw$_$15,2,1.6667,2,0.009139,0.03905,0.951811,1.11296,0.951811,文本,0.650479,-0.007211,-0.004026,0.983018,-0.010897,-0.006085,1.119108,0.025656,-0.012439,0.967081,0.02217,-0.010749
_gzYkdjNvPc$_$12,2,1.3333,2,0.058346,0.353098,0.588556,0.17987,0.588556,文本,0.349606,-0.069617,-0.146157,0.618356,-0.123133,-0.258511,0.408125,-0.002202,-0.241417,0.626205,-0.003378,-0.370416
_gzYkdjNvPc$_$17,0,-1.3333,0,0.95534,0.023812,0.020847,-1.24156,0.95534,文本,0.723372,-0.013772,0.003715,0.976395,-0.01859,0.005015,1.276817,-0.213215,0.116275,0.794878,-0.132736,0.072386
_gzYkdjNvPc$_$1,0,-0.3333,1,0.340209,0.410848,0.248943,-0.052172,0.410848,音频,-0.005174,0.139582,0.0617,-0.025061,0.676088,0.298851,0.174762,-0.34668,0.17689,0.250256,-0.49644,0.253304
_gzYkdjNvPc$_$3,1,0.0,1,0.095032,0.509814,0.395155,0.162149,0.509814,视觉,0.09086,0.039709,0.101012,0.392346,0.171471,0.436184,0.299485,0.071858,-0.199946,0.524227,0.125782,-0.349991
_gzYkdjNvPc$_$2,0,-0.6667,0,0.804247,0.08393,0.111823,-0.426876,0.804247,文本,0.644248,-0.046729,-0.00821,0.921424,-0.066834,-0.011742,0.874378,-0.195168,-0.253965,0.66065,-0.147463,-0.191887
_gzYkdjNvPc$_$5,2,0.6667,2,0.132581,0.389656,0.477763,0.162401,0.477763,文本,0.178609,-0.013678,-0.118908,0.573944,-0.043954,-0.382102,0.185738,0.078148,-0.143383,0.456058,0.191882,-0.35206
_gzYkdjNvPc$_$4,1,0.0,2,0.079287,0.358808,0.561905,0.214879,0.561905,文本,0.213515,0.074772,-0.107318,0.539718,0.189007,-0.271276,0.201853,0.178435,-0.152644,0.378759,0.334817,-0.286423
_gzYkdjNvPc$_$6,0,-0.3333,1,0.366025,0.398807,0.235169,-0.168054,0.398807,音频,-0.047473,0.093431,0.083213,-0.211821,0.416887,0.371292,0.114007,-0.1429,0.192993,0.253405,-0.317625,0.428969
_gzYkdjNvPc$_$9,2,0.3333,1,0.350403,0.388763,0.260834,-0.191455,0.388763,音频,-0.013594,0.060536,0.052388,-0.107445,0.47848,0.414075,-0.076635,0.022341,0.223893,-0.237357,0.069194,0.693449
a-WihYDk6vc$_$8,2,0.6667,2,0.032433,0.217384,0.750182,0.612102,0.750182,文本,0.273083,0.106097,-0.034367,0.660345,0.256553,-0.083102,0.290316,0.331128,-0.048425,0.433392,0.494317,-0.072291
a-WihYDk6vc$_$0,2,0.3333,2,0.020626,0.121426,0.857948,0.761755,0.857948,文本,0.478896,0.040543,-0.029569,0.872293,0.073848,-0.053859,0.648258,0.238571,-0.076364,0.673031,0.247687,-0.079282
aFhc2ddipoM$_$14,2,1.0,2,0.006661,0.053506,0.939834,1.111028,0.939834,文本,0.602449,-0.006056,0.010519,0.973224,-0.009783,0.016993,1.110724,0.064106,0.049789,0.906996,0.052348,0.040657
aK5tRCXjUvU$_$0,2,2.0,2,0.027283,0.16533,0.807387,0.64609,0.807387,文本,0.205379,0.105863,0.048533,0.570853,0.294249,0.134899,0.192762,0.337817,0.111324,0.300297,0.526275,0.173428
b-FX9NOVQOM$_$1,0,-1.0,2,0.242195,0.346279,0.411526,0.140549,0.411526,音频,-0.022897,0.128627,-0.020108,-0.133409,0.749434,-0.117157,-0.113097,0.325504,-0.003633,-0.255741,0.736045,-0.008215
b-FX9NOVQOM$_$4,0,-1.3333,2,0.186327,0.243132,0.570541,0.431042,0.570541,文本,0.192895,0.169047,-0.082143,0.434365,0.380663,-0.184972,0.219023,0.465488,-0.086584,0.284041,0.603671,-0.112287
b1LEcg6z66g$_$0,0,-0.6667,0,0.518792,0.173361,0.307847,-0.183608,0.518792,文本,0.227243,-0.11332,0.086823,0.531705,-0.265146,0.203148,0.204091,-0.196281,0.152717,0.369002,-0.354882,0.276116
b1LEcg6z66g$_$4,2,0.6667,2,0.067383,0.138787,0.79383,0.592911,0.79383,文本,0.423575,0.054922,-0.012838,0.86209,0.111781,-0.026129,0.552434,0.190474,-0.052185,0.694804,0.239562,-0.065634
b1LEcg6z66g$_$8,0,-1.0,0,0.800379,0.105708,0.093913,-0.632608,0.800379,文本,0.544244,-0.046899,0.042618,0.858754,-0.074,0.067246,0.66011,-0.163006,0.08845,0.724149,-0.17882,0.097031
bAkUEnPoucg$_$3,2,1.6667,2,0.065715,0.112024,0.822261,0.699762,0.822261,文本,0.333876,0.052041,0.079841,0.716845,0.111734,0.171421,0.405439,0.202327,0.172125,0.519866,0.259429,0.220704
bNQkb4K5DX0$_$3,2,0.3333,2,0.161548,0.419186,0.419266,0.128092,0.419266,音频,0.040265,0.088725,-0.068091,0.204308,0.450194,-0.345497,0.115444,0.239653,-0.149206,0.228918,0.475216,-0.295866
bNQkb4K5DX0$_$7,2,2.3333,2,0.012374,0.090445,0.897181,0.775788,0.897181,文本,0.445216,0.066301,-0.009827,0.853978,0.127173,-0.018849,0.648415,0.321945,-0.073572,0.621127,0.308396,-0.070476
bWunvAd96zI$_$1,0,-0.3333,2,0.089368,0.326007,0.584625,0.45852,0.584625,文本,0.190575,-0.023338,0.041954,0.74482,-0.091213,0.163967,0.367662,0.082454,0.106905,0.660051,0.148026,0.191923
bWunvAd96zI$_$2,2,0.3333,0,0.403785,0.382448,0.213767,-0.188716,0.403785,文本,0.196945,-0.112076,-0.012493,0.612555,-0.348589,-0.038857,0.351954,-0.192079,-0.020526,0.623414,-0.340228,-0.036358
bWunvAd96zI$_$5,1,0.0,2,0.059479,0.402591,0.53793,0.281461,0.53793,文本,0.219743,-0.017116,-0.077699,0.698575,-0.054414,-0.247011,0.362273,0.084584,-0.100924,0.661346,0.154412,-0.184242
bWunvAd96zI$_$4,1,0.0,2,0.033141,0.139135,0.827724,0.73326,0.827724,文本,0.442562,0.013559,0.012821,0.943746,0.028913,0.027341,0.619089,0.192721,0.076965,0.696564,0.216839,0.086597
bj9e8w4vNxo$_$12,1,0.0,2,0.079308,0.177205,0.743487,0.528746,0.743487,文本,0.298864,0.104811,-0.013941,0.715644,0.250975,-0.033381,0.326384,0.283099,-0.034503,0.506818,0.439605,-0.053577
bpvYdXVlgvc$_$1,1,0.0,2,0.185868,0.327955,0.486177,0.13336,0.486177,视觉,0.076965,-0.026171,0.080281,0.419616,-0.142688,0.437696,0.049029,0.064672,0.123073,0.207072,0.273137,0.519791
bpvYdXVlgvc$_$3,0,-1.3333,0,0.447944,0.306745,0.245311,-0.140108,0.447944,文本,0.187426,-0.160765,0.082986,0.434684,-0.372852,0.192465,0.222094,-0.308112,0.192589,0.307272,-0.426278,0.266451
bpvYdXVlgvc$_$4,0,-1.6667,0,0.685073,0.248817,0.06611,-0.697326,0.685073,文本,0.33344,-0.044022,0.071928,0.741983,-0.09796,0.160056,0.581629,-0.063682,0.129353,0.750814,-0.082206,0.16698
bpvYdXVlgvc$_$6,0,-2.0,0,0.705843,0.17807,0.116087,-0.549641,0.705843,文本,0.426633,-0.056017,0.022636,0.84434,-0.110862,0.044798,0.51382,-0.099465,0.093925,0.726545,-0.140644,0.132811
c1a1y9ytHH0$_$0,2,0.3333,2,0.040063,0.275428,0.684509,0.534126,0.684509,文本,0.20295,0.051159,0.057327,0.651659,0.164268,0.184073,0.247796,0.210695,0.145328,0.410381,0.348938,0.240681
c1a1y9ytHH0$_$3,1,0.0,2,0.062364,0.414678,0.522958,0.330376,0.522958,文本,0.069012,0.039436,0.036207,0.47708,0.272623,0.250297,0.09503,0.160012,0.086477,0.278256,0.468532,0.253212
c1a1y9ytHH0$_$7,1,0.0,2,0.031516,0.212577,0.755907,0.622929,0.755907,文本,0.295926,0.043482,0.028142,0.805131,0.118302,0.076567,0.361014,0.22437,0.08019,0.54241,0.337107,0.120483
c5cB7AfVgcE$_$12,2,1.3333,2,0.047811,0.174781,0.777408,0.588322,0.777408,文本,0.411788,0.056486,-0.039458,0.811034,0.111252,-0.077715,0.477653,0.219212,-0.042604,0.645941,0.296445,-0.057614
c5cB7AfVgcE$_$5,0,-0.6667,2,0.186921,0.200137,0.612942,0.372966,0.612942,文本,0.231621,0.118896,-0.04897,0.579797,0.297621,-0.122582,0.265581,0.249124,-0.061421,0.460977,0.432413,-0.10661
d8BR6hsvzoY$_$1,2,0.6667,2,0.042049,0.348098,0.609853,0.632164,0.609853,文本,0.208792,0.137324,-0.144079,0.425936,0.280142,-0.293922,0.252786,0.508745,-0.132119,0.282869,0.569289,-0.147842
d8BR6hsvzoY$_$0,1,0.0,1,0.060958,0.607501,0.331541,0.278604,0.607501,文本,0.090429,0.06115,0.079132,0.391956,0.265051,0.342993,-0.034187,0.357243,7.8e-05,-0.087322,0.912479,0.0002
d8BR6hsvzoY$_$2,1,0.0,2,0.068449,0.410049,0.521502,0.181262,0.521502,文本,0.239419,0.00432,-0.143178,0.618786,0.011166,-0.370047,0.271252,0.093194,-0.138403,0.53943,0.185332,-0.275237
d8BR6hsvzoY$_$5,1,0.0,1,0.081357,0.482141,0.436502,0.248635,0.482141,视觉,0.068538,0.00338,0.098525,0.402116,0.019828,0.578056,0.226375,0.162304,-0.080982,0.481996,0.345577,-0.172427
d8BR6hsvzoY$_$6,2,0.3333,1,0.113109,0.569417,0.317473,0.011006,0.569417,文本,0.132928,0.024597,0.091912,0.532914,0.098609,0.368478,0.017644,0.094049,-0.077472,0.093272,0.497178,-0.40955
d8BR6hsvzoY$_$9,1,0.0,1,0.099765,0.504254,0.395981,0.069253,0.504254,视觉,0.05967,0.035805,0.094309,0.314408,0.188664,0.496927,0.096496,0.073415,-0.0857,0.37751,0.287215,-0.335276
d8BR6hsvzoY$_$8,2,0.3333,2,0.21503,0.339174,0.445796,0.148307,0.445796,文本,0.162245,0.049113,-0.152044,0.446461,0.135148,-0.418391,0.182512,0.169573,-0.188464,0.337643,0.313705,-0.348652
dBWvtPeHpWM$_$4,2,0.6667,2,0.047043,0.111708,0.841249,0.788935,0.841249,文本,0.290776,0.078566,0.08152,0.644933,0.174258,0.180809,0.467189,0.319891,0.203645,0.471563,0.322886,0.205551
dEDbm2ubVRQ$_$0,0,-0.3333,2,0.13117,0.400764,0.468066,0.051578,0.468066,文本,0.136215,0.000419,-0.037821,0.780803,0.002403,-0.216795,0.053761,0.071466,-0.040949,0.323519,0.430062,-0.246419
dEDbm2ubVRQ$_$3,2,0.3333,2,0.255885,0.360479,0.383635,0.082217,0.383635,音频,0.009338,0.060134,-0.030895,0.093036,0.599144,-0.30782,-0.019759,0.158182,-0.011211,-0.104462,0.83627,-0.059268
dEDbm2ubVRQ$_$8,2,0.3333,2,0.082209,0.384027,0.533765,0.196602,0.533765,文本,0.184393,-0.016656,-0.003784,0.900213,-0.081315,-0.018472,0.145805,0.089197,0.00423,0.609473,0.372846,0.017682
dt641WxonBI$_$1,2,0.3333,2,0.056442,0.163817,0.779741,0.699592,0.779741,文本,0.189466,0.047359,0.148078,0.492243,0.123042,0.384715,0.278806,0.168928,0.372968,0.339717,0.205833,0.45445
dt641WxonBI$_$3,2,0.6667,2,0.115105,0.341637,0.543258,0.383523,0.543258,文本,0.093017,0.057599,0.036105,0.49816,0.308477,0.193363,0.125522,0.176586,0.118671,0.298308,0.419665,0.282027
eOiC1kb17P4$_$0,2,1.3333,2,0.071281,0.094156,0.834564,0.669386,0.834564,文本,0.442166,0.025004,0.036058,0.878659,0.049687,0.071654,0.536207,0.188786,0.075814,0.669584,0.235744,0.094672
erNDEjQeox8$_$12,2,2.0,2,0.16388,0.119467,0.716652,0.437484,0.716652,文本,0.377667,0.027538,0.009945,0.909713,0.066333,0.023954,0.436365,0.076358,0.005545,0.841968,0.147333,0.010699
ewBrNsyY82Q$_$4,1,0.0,2,0.11307,0.362011,0.524919,0.160573,0.524919,文本,0.195328,0.02877,-0.072436,0.658703,0.097022,-0.244276,0.214133,0.126931,-0.13296,0.451735,0.267773,-0.280492
fWOIAxzBQFY$_$12,1,0.0,2,0.065761,0.421624,0.512615,0.306971,0.512615,音频,0.047591,0.066588,0.016353,0.364594,0.510126,0.12528,0.020525,0.24944,0.050772,0.063994,0.777709,0.158297
fWOIAxzBQFY$_$5,2,1.3333,2,0.013697,0.067834,0.918469,1.094007,0.918469,文本,0.331489,0.041478,0.052803,0.778564,0.097419,0.124017,0.664574,0.339708,0.164142,0.568778,0.29074,0.140482
fWOIAxzBQFY$_$7,1,0.0,2,0.038805,0.196279,0.764917,0.529428,0.764917,文本,0.320595,0.042604,0.014594,0.8486,0.11277,0.03863,0.328627,0.236575,0.03205,0.550231,0.396107,0.053662
f_ZJ7L14oYQ$_$11,2,1.3333,2,0.13646,0.221455,0.642086,0.389263,0.642086,文本,0.314317,0.067459,-0.084906,0.673514,0.144551,-0.181936,0.37778,0.201262,-0.124064,0.537302,0.286247,-0.176451
f_ZJ7L14oYQ$_$27,2,1.6667,2,0.302084,0.164519,0.533396,0.095397,0.533396,文本,0.219507,0.081069,-0.128385,0.511717,0.18899,-0.299293,0.180268,0.174156,-0.218139,0.314844,0.304169,-0.380986
f_ZJ7L14oYQ$_$21,2,2.0,0,0.960022,0.016248,0.02373,-1.127572,0.960022,文本,0.672233,-0.007826,0.019982,0.960277,-0.01118,0.028543,1.164277,-0.136489,0.130971,0.813192,-0.095331,0.091477
f_ZJ7L14oYQ$_$17,0,-0.6667,0,0.602978,0.206652,0.190371,-0.408459,0.602978,文本,0.324465,-0.057604,0.054216,0.7437,-0.132032,0.124268,0.431169,-0.126621,0.125625,0.630903,-0.185277,0.18382
f_ZJ7L14oYQ$_$9,1,0.0,2,0.188058,0.199127,0.612815,0.277434,0.612815,文本,0.264921,0.066615,-0.051307,0.691983,0.174001,-0.134016,0.267613,0.179696,-0.104194,0.485244,0.32583,-0.188926
f_ZJ7L14oYQ$_$8,2,0.6667,2,0.072374,0.171812,0.755813,0.55589,0.755813,文本,0.357968,0.047293,0.006027,0.87036,0.114987,0.014653,0.449056,0.193695,0.029949,0.667543,0.287937,0.04452
ffrJ91swyq0$_$1,2,0.6667,2,0.031264,0.169614,0.799122,0.509853,0.799122,文本,0.505452,-0.040702,-0.002453,0.921338,-0.074192,-0.004471,0.61131,-0.029328,-0.048241,0.887397,-0.042574,-0.070029
g8Cl74tS3oY$_$2,0,-0.6667,0,0.450225,0.333456,0.216319,-0.232511,0.450225,文本,0.219702,-0.169837,0.053617,0.495765,-0.383245,0.12099,0.270269,-0.147365,0.059551,0.566382,-0.308821,0.124796
g8Cl74tS3oY$_$6,2,0.6667,2,0.027062,0.084605,0.888334,0.86863,0.888334,文本,0.596492,-0.009936,0.007594,0.971451,-0.016182,0.012368,0.927314,0.041034,0.002555,0.955105,0.042263,0.002632
gR4gM_WXesQ$_$10,2,0.3333,2,0.206765,0.374145,0.41909,0.157558,0.41909,视觉,-0.045143,0.005467,0.093845,-0.312507,0.037845,0.649647,-0.017162,0.114507,0.137099,-0.063853,0.426046,0.510101
gR4gM_WXesQ$_$26,1,0.0,0,0.390854,0.389479,0.219666,-0.211541,0.390854,文本,0.109998,-0.074676,0.025311,0.523837,-0.355627,0.120536,0.158254,-0.068595,0.061754,0.548345,-0.237679,0.213975
gR4gM_WXesQ$_$20,0,-1.3333,2,0.040428,0.118133,0.841439,0.705836,0.841439,文本,0.420635,0.008287,0.065115,0.851424,0.016774,0.131802,0.591458,0.098697,0.141046,0.71157,0.118741,0.169689
gR4gM_WXesQ$_$24,0,-0.3333,0,0.499529,0.347424,0.153047,-0.420438,0.499529,文本,0.198562,-0.038558,0.021573,0.76756,-0.14905,0.083391,0.238987,0.073776,0.09681,0.583503,0.18013,0.236367
gR4gM_WXesQ$_$18,2,0.6667,0,0.602065,0.219456,0.178479,-0.331205,0.602065,文本,0.344872,-0.100874,0.057163,0.685754,-0.200581,0.113665,0.335467,-0.117766,0.075045,0.635019,-0.222925,0.142056
gR4gM_WXesQ$_$3,2,0.3333,2,0.24854,0.335878,0.415582,0.123695,0.415582,文本,0.051868,0.045534,-0.011695,0.475429,0.41737,-0.1072,0.067779,0.151362,-0.016211,0.28799,0.643131,-0.06888
gR4gM_WXesQ$_$4,2,1.6667,2,0.007084,0.052266,0.94065,1.02732,0.94065,文本,0.521658,0.001062,0.02396,0.954229,0.001942,0.043828,0.910736,0.086153,0.147073,0.796124,0.075311,0.128565
gR4gM_WXesQ$_$8,2,0.6667,2,0.14405,0.288919,0.567031,0.264408,0.567031,文本,0.248649,0.00631,-0.039441,0.844595,0.021433,-0.133972,0.323855,0.084226,-0.079066,0.664799,0.172897,-0.162304
gVqs4TzqySw$_$1,2,0.3333,2,0.062262,0.199268,0.73847,0.596567,0.73847,文本,0.372725,0.126758,-0.087142,0.635372,0.21608,-0.148549,0.519194,0.365299,-0.158538,0.497775,0.350228,-0.151997
gVqs4TzqySw$_$3,1,0.0,2,0.094381,0.362353,0.543266,0.16328,0.543266,文本,0.222512,0.070731,-0.139045,0.514731,0.163619,-0.32165,0.21388,0.195978,-0.179458,0.36293,0.332552,-0.304519
gVqs4TzqySw$_$2,1,0.0,2,0.047306,0.219479,0.733214,0.5533,0.733214,文本,0.294889,0.101395,-0.025809,0.698636,0.240219,-0.061145,0.385091,0.282862,-0.035621,0.547336,0.402036,-0.050628
gVqs4TzqySw$_$4,1,0.0,1,0.078426,0.483799,0.437775,0.095597,0.483799,视觉,0.095176,-0.022619,0.135612,0.375584,-0.089261,0.535154,0.116428,0.181548,-0.165695,0.251101,0.391545,-0.357354
goMtnNHQ_z4$_$1,1,0.0,2,0.049488,0.226999,0.723512,0.394514,0.723512,文本,0.344332,0.012245,0.036327,0.876378,0.031165,0.092457,0.343715,0.093255,0.071762,0.675631,0.183308,0.141061
goMtnNHQ_z4$_$2,2,1.6667,2,0.02094,0.057259,0.921801,1.01158,0.921801,文本,0.416913,0.003649,0.08509,0.824507,0.007216,0.168278,0.72331,0.070189,0.392273,0.60999,0.059193,0.330817
goMtnNHQ_z4$_$13,2,1.0,2,0.046008,0.111604,0.842388,0.642633,0.842388,文本,0.531997,0.022951,-0.024916,0.917451,0.03958,-0.042969,0.710136,0.11672,-0.076324,0.786261,0.129233,-0.084506
goMtnNHQ_z4$_$12,0,-0.3333,2,0.111155,0.389658,0.499187,0.235295,0.499187,文本,0.071986,0.00477,0.060822,0.523237,0.034674,0.44209,0.046395,0.106913,0.135367,0.160716,0.370359,0.468925
hqzF4IDaIYE$_$0,0,-1.3333,2,0.317877,0.188201,0.493922,0.149365,0.493922,音频,0.006935,0.155679,-0.005318,0.041295,0.927035,-0.03167,-0.051233,0.287716,-0.028499,-0.139429,0.783011,-0.07756
hqzF4IDaIYE$_$3,2,1.0,2,0.036273,0.126281,0.837446,0.717561,0.837446,文本,0.449029,0.100758,-0.036982,0.765257,0.171717,-0.063026,0.633206,0.339367,-0.130217,0.574185,0.307735,-0.11808
hqzF4IDaIYE$_$2,2,0.6667,2,0.024204,0.097264,0.878532,0.864179,0.878532,文本,0.43536,0.063607,-0.004639,0.864486,0.126303,-0.009211,0.679859,0.297994,-0.00017,0.695136,0.30469,-0.000174
hqzF4IDaIYE$_$4,2,0.3333,2,0.041092,0.215233,0.743674,0.631782,0.743674,文本,0.354525,0.054695,-0.028622,0.809709,0.12492,-0.065371,0.490952,0.273178,-0.079495,0.581955,0.323815,-0.09423
hqzF4IDaIYE$_$6,0,-0.6667,2,0.089998,0.214045,0.695957,0.54083,0.695957,音频,0.06219,0.164956,0.123827,0.177193,0.469996,0.352811,-0.027667,0.366531,0.264661,-0.041992,0.556312,0.401696
hvfaYsv7p8E$_$0,0,-0.6667,0,0.531572,0.222547,0.245881,-0.299327,0.531572,文本,0.318908,-0.063453,-0.008061,0.816829,-0.162525,-0.020646,0.433211,-0.110011,-0.03396,0.750562,-0.1906,-0.058838
iUXqlrui25c$_$10,0,-0.6667,2,0.307516,0.332775,0.359709,-0.004211,0.359709,音频,-0.032749,0.045768,0.015961,-0.346629,0.48443,0.168941,0.108143,-0.111359,-0.038524,0.419117,-0.431581,-0.149302
iUXqlrui25c$_$21,0,-0.6667,2,0.103897,0.324029,0.572074,0.270668,0.572074,文本,0.213176,-0.029411,0.028076,0.787609,-0.108661,0.10373,0.209802,0.014863,0.097073,0.652088,0.046196,0.301716
iUXqlrui25c$_$23,1,0.0,2,0.108634,0.287643,0.603723,0.332526,0.603723,文本,0.142085,0.100653,0.021458,0.5378,0.380978,0.081222,0.122465,0.204123,0.078968,0.301969,0.503317,0.194714
icbUzboLcDQ$_$0,0,-0.6667,2,0.008729,0.063069,0.928202,1.233129,0.928202,文本,0.512951,0.02587,-0.005764,0.941913,0.047503,-0.010584,1.020949,0.310729,-0.025158,0.752448,0.22901,-0.018542
ioupaiAuRr0$_$5,1,0.0,2,0.026581,0.202124,0.771295,0.554715,0.771295,文本,0.497265,-0.023151,-0.036738,0.892511,-0.041552,-0.065938,0.640212,0.088961,-0.051169,0.820425,0.114002,-0.065573
ioupaiAuRr0$_$4,1,0.0,1,0.186164,0.426797,0.387039,0.125856,0.426797,音频,0.014991,0.076664,0.070621,0.092378,0.47243,0.435193,0.267034,0.046434,-0.117018,0.620309,0.107864,-0.271828
jICmfLeFymA$_$16,2,1.6667,2,0.001788,0.020881,0.977332,1.512786,0.977332,文本,0.294281,0.022032,0.01709,0.882658,0.066082,0.05126,0.906983,0.424652,0.277274,0.563725,0.263938,0.172337
jPrEKz1rAno$_$11,2,0.6667,2,0.109894,0.420084,0.470022,0.056327,0.470022,文本,0.209614,-0.05314,-0.083544,0.605301,-0.153452,-0.241248,0.204326,-0.003271,-0.091118,0.684017,-0.010949,-0.305034
jPrEKz1rAno$_$7,1,0.0,2,0.102543,0.375769,0.521689,0.220755,0.521689,文本,0.184851,0.052837,-0.095955,0.554038,0.158364,-0.287597,0.199124,0.142684,-0.12467,0.426867,0.305876,-0.267257
jPrEKz1rAno$_$6,2,0.3333,1,0.108833,0.456087,0.43508,0.141371,0.456087,视觉,0.014688,0.068166,0.07255,0.094513,0.438638,0.46685,0.086316,0.164127,-0.136103,0.223302,0.424598,-0.3521
k5ZOshC2LP4$_$1,0,-1.3333,2,0.120299,0.279039,0.600662,0.561951,0.600662,视觉,0.040122,0.086787,0.168676,0.135737,0.29361,0.570653,0.025822,0.390521,0.342862,0.034011,0.514381,0.451607
kbGhEJ4W44o$_$0,2,1.3333,2,0.174066,0.249243,0.576691,0.376518,0.576691,音频,0.009296,0.124832,0.110105,0.03806,0.511118,0.450821,-0.10267,0.311729,0.23164,-0.158922,0.482523,0.358554
kfsO4c0Ekes$_$7,2,0.6667,2,0.001784,0.014081,0.984135,1.531742,0.984135,文本,0.698928,0.000802,-0.003205,0.9943,0.001141,-0.004559,1.600355,0.145715,-0.110852,0.861832,0.078471,-0.059696
kvUb78Rdzdc$_$3,2,1.0,2,0.030384,0.077529,0.892087,0.870727,0.892087,文本,0.664433,-0.003267,-0.047411,0.929133,-0.004568,-0.066299,1.087797,0.067015,-0.171938,0.819896,0.050511,-0.129593
lO87-4Kf0cQ$_$2,1,0.0,1,0.127544,0.514309,0.358147,0.047924,0.514309,文本,0.140732,0.045918,0.053877,0.585097,0.190906,0.223996,0.179695,0.094003,-0.150813,0.423299,0.221438,-0.355263
lO87-4Kf0cQ$_$5,2,0.3333,2,0.098803,0.435682,0.465515,0.233295,0.465515,文本,0.153451,0.00581,-0.040082,0.769785,0.029145,-0.20107,0.268669,0.102378,-0.048,0.641143,0.244311,-0.114546
lWf5hHRHIDs$_$11,2,1.0,2,0.00819,0.077619,0.914191,0.995241,0.914191,文本,0.434541,-0.015166,0.089142,0.806424,-0.028146,0.16543,0.646854,0.076093,0.40705,0.572439,0.067339,0.360222
lawHYX5eB20$_$1,0,-1.0,1,0.176247,0.467228,0.356525,0.049184,0.467228,视觉,0.039872,0.044051,0.067444,0.263411,0.291022,0.445567,0.058347,0.103411,-0.085064,0.236393,0.418972,-0.344635
lawHYX5eB20$_$2,2,0.6667,2,0.042055,0.272116,0.685829,0.491799,0.685829,文本,0.271318,0.113498,-0.047173,0.628067,0.262733,-0.1092,0.364517,0.309821,-0.029483,0.517911,0.440199,-0.04189
mHGaQ_nv9UY$_$13,2,1.3333,1,0.192419,0.423848,0.383733,-0.011825,0.423848,音频,-0.028605,0.098251,0.044124,-0.167301,0.574637,0.258063,-0.057751,0.008183,0.04418,-0.524463,0.074315,0.401221
mHGaQ_nv9UY$_$14,0,-0.3333,2,0.079434,0.301172,0.619394,0.253408,0.619394,文本,0.313807,-0.034746,-0.016737,0.859062,-0.09512,-0.045818,0.323173,0.009427,0.000269,0.970871,0.02832,0.000808
mHGaQ_nv9UY$_$17,1,0.0,2,0.093126,0.349926,0.556949,0.174282,0.556949,文本,0.164809,0.055422,-0.012565,0.707954,0.23807,-0.053976,0.077564,0.131424,-0.0027,0.366409,0.620836,-0.012755
mHGaQ_nv9UY$_$22,0,-0.3333,0,0.657265,0.200609,0.142126,-0.482096,0.657265,文本,0.416022,-0.08546,0.024188,0.791412,-0.162574,0.046014,0.457018,-0.101555,0.114045,0.679461,-0.150985,0.169554
mHGaQ_nv9UY$_$5,1,0.0,0,0.481854,0.279492,0.238654,-0.173685,0.481854,文本,0.200353,-0.081265,0.037184,0.628457,-0.254908,0.116635,0.114632,-0.062718,0.053636,0.496274,-0.271522,0.232204
mHGaQ_nv9UY$_$4,0,-1.6667,0,0.671793,0.196086,0.132122,-0.577574,0.671793,文本,0.460863,-0.120066,0.02518,0.760364,-0.198092,0.041544,0.673404,-0.258228,0.109505,0.646797,-0.248025,0.105178
mLW-jn67gRE$_$20,2,1.3333,2,0.018141,0.179352,0.802507,0.515515,0.802507,文本,0.481517,-0.014248,-0.02682,0.921413,-0.027264,-0.051323,0.556244,0.104527,-0.104784,0.726589,0.136538,-0.136873
mLW-jn67gRE$_$17,2,0.6667,2,0.115532,0.276714,0.607755,0.197168,0.607755,文本,0.220811,0.062701,-0.022552,0.721454,0.204862,-0.073684,0.132228,0.15999,-0.073827,0.361233,0.437077,-0.201689
mLW-jn67gRE$_$1,0,-0.6667,1,0.267938,0.396522,0.33554,-0.156287,0.396522,音频,-0.016408,0.064524,0.022933,-0.157976,0.621225,0.220799,0.112892,-0.061525,0.034157,0.541256,-0.294979,0.163765
mLW-jn67gRE$_$3,1,0.0,1,0.093303,0.488373,0.418324,0.128317,0.488373,音频,0.030596,0.075222,0.050802,0.195351,0.480286,0.324362,0.139226,0.088549,-0.023266,0.554595,0.352727,-0.092677
mLW-jn67gRE$_$5,1,0.0,2,0.079056,0.372829,0.548115,0.200237,0.548115,文本,0.256462,-0.061055,-0.014841,0.771644,-0.183702,-0.044653,0.314382,0.056362,-0.026051,0.792302,0.142044,-0.065654
mLW-jn67gRE$_$6,0,-0.3333,0,0.591897,0.235789,0.172314,-0.440456,0.591897,文本,0.33401,-0.090757,0.040768,0.717475,-0.194953,0.087572,0.391626,-0.124655,0.108714,0.626607,-0.19945,0.173943
mLW-jn67gRE$_$9,1,0.0,1,0.249239,0.397112,0.35365,-0.06624,0.397112,音频,-0.024248,0.110727,0.047343,-0.133,0.60733,0.25967,0.134711,-0.25581,0.154082,0.247356,-0.469718,0.282925
mjpCK2Edsv8$_$0,2,2.0,2,0.003859,0.01905,0.977091,1.607151,0.977091,文本,0.453368,0.010618,0.008313,0.959919,0.022481,0.017601,1.236463,0.275835,0.164845,0.737244,0.164467,0.098289
nUZYqTRSGDw$_$4,0,-0.6667,0,0.898641,0.051186,0.050174,-0.932652,0.898641,文本,0.708495,-0.022661,0.01585,0.948446,-0.030336,0.021218,1.221246,-0.156498,0.005904,0.882627,-0.113106,0.004267
nyzIL6YAonY$_$5,2,1.0,2,0.011891,0.106463,0.881647,0.511161,0.881647,文本,0.591906,-0.000394,-0.027622,0.954808,-0.000635,-0.044557,0.601615,0.08868,-0.079248,0.781783,0.115237,-0.10298
nyzIL6YAonY$_$6,2,1.0,2,0.027263,0.159323,0.813414,0.619114,0.813414,文本,0.455385,0.013304,-0.007788,0.955732,0.027922,-0.016345,0.571245,0.146585,0.053203,0.740883,0.190115,0.069002
ooAF6I-fmTg$_$3,1,0.0,1,0.300811,0.366887,0.332302,-0.003416,0.366887,音频,-0.025741,0.060252,0.024574,-0.23281,0.544936,0.222254,0.148732,-0.19935,-0.0193,0.404843,-0.542624,-0.052533
ooAF6I-fmTg$_$5,0,-0.3333,1,0.195969,0.429792,0.374239,0.066175,0.429792,音频,0.026018,0.062449,0.050485,0.187245,0.449429,0.363326,0.088463,0.077018,-0.06725,0.380108,0.330932,-0.28896
ooAF6I-fmTg$_$7,0,-2.0,0,0.870089,0.085343,0.044568,-0.890494,0.870089,文本,0.602524,-0.019787,0.034274,0.917664,-0.030136,0.0522,0.988999,-0.103029,0.019481,0.88978,-0.092693,0.017526
pOrk7fl1AYo$_$1,1,0.0,1,0.161755,0.430058,0.408187,0.223795,0.430058,文本,0.067843,0.022013,0.019262,0.62174,0.201738,0.176522,-0.025612,0.306597,0.017286,-0.073282,0.877257,0.049461
pOrk7fl1AYo$_$3,2,0.3333,2,0.076005,0.165718,0.758276,0.665344,0.758276,文本,0.304737,0.119598,0.008139,0.704636,0.276544,0.01882,0.449008,0.331019,0.01323,0.566031,0.417291,0.016678
pOrk7fl1AYo$_$2,1,0.0,1,0.373217,0.38675,0.240033,-0.137257,0.38675,文本,0.067872,0.059021,-0.034415,0.420761,0.365891,-0.213349,0.227221,-0.212565,0.059427,0.455158,-0.425801,0.119041
pOrk7fl1AYo$_$4,0,-0.6667,1,0.303117,0.372885,0.323999,0.040751,0.372885,音频,-0.021582,0.052037,0.044189,-0.183195,0.441714,0.375092,-0.072387,0.224447,-0.055557,-0.205416,0.636926,-0.157658
q9yDL81QppI$_$1,2,1.0,2,0.099262,0.450178,0.45056,0.048566,0.45056,文本,0.203107,-0.039764,-0.128277,0.547241,-0.107137,-0.345622,0.244182,0.008112,-0.160676,0.591282,0.019642,-0.389075
q9yDL81QppI$_$0,0,-0.3333,2,0.129352,0.370559,0.500089,0.13913,0.500089,文本,0.181531,0.013308,-0.068513,0.689308,0.050534,-0.260158,0.1301,0.078933,-0.063505,0.477366,0.289622,-0.233012
q9yDL81QppI$_$2,1,0.0,2,0.085056,0.393877,0.521068,0.14653,0.521068,文本,0.228064,-0.012253,-0.094987,0.68017,-0.036544,-0.283286,0.184367,0.054984,-0.096808,0.548452,0.163566,-0.287982
qK77ZmbqmOM$_$9,0,-0.3333,1,0.309232,0.406681,0.284087,-0.128358,0.406681,音频,-0.009625,0.107094,-0.001633,-0.081326,0.904879,-0.013795,0.069449,-0.08981,0.071296,0.301224,-0.389538,0.309238
qK77ZmbqmOM$_$0,0,-0.3333,2,0.119632,0.397134,0.483234,0.264076,0.483234,文本,0.135379,0.054775,-0.054589,0.553148,0.223804,-0.223048,0.1864,0.198103,-0.063775,0.415815,0.44192,-0.142266
qY1sXq-YCHs$_$8,0,-0.3333,1,0.361207,0.40966,0.229133,-0.266145,0.40966,音频,0.07445,0.087559,-0.068755,0.322622,0.379432,-0.297946,0.113696,-0.133077,0.216341,0.245503,-0.287352,0.467145
qmMSumMloAs$_$1,2,2.3333,2,0.001819,0.010705,0.987476,1.628598,0.987476,文本,0.700886,0.001682,-0.002806,0.993637,0.002385,-0.003978,1.775598,0.154048,-0.173206,0.844376,0.073257,-0.082367
qmMSumMloAs$_$3,2,1.0,2,0.001856,0.013142,0.985001,1.595945,0.985001,文本,0.746082,-0.002098,-0.00394,0.991972,-0.002789,-0.005238,1.862054,0.038287,-0.171188,0.898879,0.018482,-0.082638
qmMSumMloAs$_$2,2,2.6667,2,0.016129,0.027253,0.956618,1.2163,0.956618,文本,0.702993,0.001658,-0.011106,0.982167,0.002316,-0.015516,1.4472,0.103201,-0.230112,0.8128,0.057961,-0.129239
r13W4H8ZhqI$_$12,2,1.0,2,0.288239,0.332458,0.379303,-0.067195,0.379303,音频,0.023162,0.057889,-0.024898,0.218618,0.546379,-0.235002,0.05051,-0.195184,0.099428,0.146355,-0.565549,0.288096
r13W4H8ZhqI$_$1,1,0.0,2,0.095255,0.303242,0.601503,0.278466,0.601503,文本,0.224806,0.017415,0.00144,0.922617,0.071471,0.005911,0.280105,0.12959,-0.054773,0.603067,0.279007,-0.117927
r13W4H8ZhqI$_$5,2,1.0,1,0.150569,0.460219,0.389211,0.011692,0.460219,音频,0.079253,0.111627,0.001771,0.411381,0.579428,0.009192,0.28167,-0.067881,-0.027207,0.747614,-0.180171,-0.072215
r13W4H8ZhqI$_$8,2,0.6667,2,0.096607,0.257901,0.645492,0.30352,0.645492,文本,0.346164,-0.025745,-0.023132,0.876275,-0.065169,-0.058556,0.389824,0.053611,-0.088993,0.732163,0.100691,-0.167146
r5ijC2W9ddk$_$8,2,0.3333,2,0.010728,0.078803,0.910469,0.909239,0.910469,文本,0.320884,0.007848,0.115298,0.722663,0.017675,0.259662,0.476509,0.228226,0.41307,0.42629,0.204173,0.369537
r5ijC2W9ddk$_$0,1,0.0,1,0.211364,0.472892,0.315743,0.05352,0.472892,文本,0.109869,0.070767,0.014453,0.563172,0.362743,0.074085,-0.058641,0.208561,-0.047165,-0.186538,0.66343,-0.150032
r9tgDqXEcuc$_$4,2,0.3333,2,0.05687,0.315251,0.627879,0.387202,0.627879,文本,0.227234,0.03838,0.00541,0.838425,0.141612,0.019963,0.258097,0.237017,0.063694,0.461871,0.424148,0.113982
rf0yDSeVEUA$_$1,2,1.6667,2,0.004373,0.024774,0.970853,1.320396,0.970853,文本,0.381752,0.013847,0.021787,0.914625,0.033175,0.0522,0.922432,0.225559,0.252601,0.658602,0.161046,0.180353
rf0yDSeVEUA$_$0,2,2.3333,2,0.00462,0.024715,0.970665,1.409867,0.970665,文本,0.434313,0.005628,0.024081,0.935975,0.012129,0.051896,1.082971,0.163079,0.2491,0.724323,0.109072,0.166605
rf0yDSeVEUA$_$3,2,0.3333,2,0.098715,0.111653,0.789631,0.60998,0.789631,文本,0.210894,0.125218,0.087557,0.497781,0.295556,0.206663,0.221989,0.3423,0.196817,0.291667,0.44974,0.258593
rojyUp4FPSg$_$26,2,1.0,2,0.021568,0.221726,0.756706,0.546703,0.756706,文本,0.359086,0.009335,0.00378,0.964765,0.025081,0.010155,0.410089,0.130845,0.062865,0.679182,0.216702,0.104116
rojyUp4FPSg$_$20,2,1.3333,2,0.437243,0.082968,0.47979,0.122098,0.47979,音频,0.045962,0.094983,0.019258,0.286897,0.59289,0.120212,-0.03405,0.173411,0.025799,-0.145975,0.743424,0.110601
rojyUp4FPSg$_$21,2,1.3333,2,0.028915,0.032796,0.938289,1.080699,0.938289,文本,0.534839,0.016999,0.006496,0.957921,0.030445,0.011634,0.951737,0.153386,0.032012,0.836961,0.134888,0.028151
rojyUp4FPSg$_$23,2,2.3333,2,0.041321,0.131912,0.826767,0.772852,0.826767,文本,0.436791,0.010609,0.008888,0.95727,0.02325,0.01948,0.668914,0.130842,0.027228,0.80886,0.158216,0.032924
rojyUp4FPSg$_$5,2,0.6667,1,0.192312,0.410113,0.397576,0.214099,0.410113,文本,0.042779,0.024518,0.024213,0.46748,0.267926,0.264594,0.156533,0.15535,-0.02905,0.459132,0.455661,-0.085207
rojyUp4FPSg$_$7,2,0.3333,2,0.017763,0.085823,0.896414,0.895963,0.896414,文本,0.535319,0.009503,-0.000148,0.982292,0.017437,-0.000271,0.824399,0.146147,0.054336,0.804385,0.142599,0.053017
rojyUp4FPSg$_$9,2,2.0,0,0.601024,0.133301,0.265675,-0.200156,0.601024,文本,0.365919,-0.080626,0.028585,0.770145,-0.169693,0.060163,0.374135,-0.172324,0.019477,0.661091,-0.304493,0.034416
rojyUp4FPSg$_$10,2,1.3333,2,0.024133,0.049305,0.926562,1.202572,0.926562,文本,0.519111,0.019276,0.01079,0.945252,0.0351,0.019648,1.045578,0.21525,0.075406,0.782481,0.161087,0.056432
rojyUp4FPSg$_$12,2,0.6667,2,0.015962,0.041,0.943038,1.258033,0.943038,文本,0.531294,0.013284,0.007604,0.962172,0.024057,0.013771,1.144211,0.178218,0.040959,0.839241,0.130717,0.030042
rojyUp4FPSg$_$16,2,0.6667,2,0.058269,0.186282,0.755449,0.648596,0.755449,文本,0.279515,0.05546,0.044706,0.736183,0.14607,0.117747,0.450086,0.182737,0.082148,0.629516,0.255586,0.114897
rojyUp4FPSg$_$18,2,2.5,2,0.098209,0.242576,0.659215,0.357082,0.659215,文本,0.256293,0.049281,0.030789,0.761954,0.146512,0.091534,0.291297,0.129727,0.022994,0.656048,0.292167,0.051786
rojyUp4FPSg$_$37,2,1.5,2,0.016854,0.167096,0.81605,0.535521,0.81605,文本,0.374985,0.019469,0.01384,0.918418,0.047684,0.033898,0.32693,0.16129,0.091665,0.563785,0.278141,0.158074
rojyUp4FPSg$_$36,2,0.6667,2,0.037822,0.089042,0.873136,0.681325,0.873136,文本,0.546176,-0.003694,0.002616,0.988579,-0.006686,0.004734,0.661375,0.107103,0.048235,0.809801,0.13114,0.05906
rojyUp4FPSg$_$34,2,2.0,2,0.020312,0.171866,0.807822,0.615063,0.807822,文本,0.389216,0.027911,-0.007905,0.915734,0.065667,-0.018599,0.480767,0.136962,0.035343,0.736162,0.20972,0.054118
rojyUp4FPSg$_$32,2,0.3333,2,0.019104,0.083942,0.896954,1.108998,0.896954,文本,0.494973,0.026018,0.003462,0.943789,0.04961,0.006601,0.99921,0.195742,0.078159,0.784857,0.153751,0.061392
rwNlqh0k1j4$_$15,0,-0.6667,2,0.062412,0.17113,0.766458,0.652325,0.766458,文本,0.446414,0.039041,-0.043384,0.844138,0.073825,-0.082037,0.65692,0.23066,-0.071704,0.684802,0.24045,-0.074747
rwNlqh0k1j4$_$3,0,-0.6667,0,0.952202,0.035386,0.012411,-1.393855,0.952202,文本,0.666322,-0.014757,0.03666,0.928362,-0.02056,0.051078,1.391014,-0.228957,0.279614,0.732273,-0.12053,0.147197
rwNlqh0k1j4$_$2,1,0.0,2,0.069256,0.277359,0.653384,0.520609,0.653384,文本,0.374816,0.046368,-0.092442,0.729744,0.090276,-0.179979,0.66466,0.24233,-0.171597,0.616232,0.224674,-0.159094
rwNlqh0k1j4$_$7,0,-0.3333,0,0.54176,0.256992,0.201248,-0.286864,0.54176,文本,0.245535,-0.146241,0.126756,0.47352,-0.282029,0.244451,0.27662,-0.253104,0.234115,0.362145,-0.331358,0.306497
sC16n1k66io$_$2,2,1.6667,2,0.028517,0.098817,0.872667,0.711064,0.872667,文本,0.554243,-0.004752,0.010498,0.973221,-0.008344,0.018434,0.793079,0.059873,-0.020037,0.908465,0.068584,-0.022952
sC16n1k66io$_$16,2,0.3333,2,0.033914,0.103958,0.862128,0.736008,0.862128,文本,0.575318,-0.014933,-0.004149,0.967896,-0.025123,-0.006981,0.876395,0.013241,-0.041633,0.941076,0.014219,-0.044706
sPremsknoLM$_$1,0,-0.3333,1,0.295958,0.385777,0.318265,-0.109597,0.385777,文本,0.045207,0.041447,0.0,0.521696,0.478304,0.0,0.245849,-0.188887,-0.0,0.565514,-0.434486,-0.0
ssqiwP19JhM$_$10,1,0.0,2,0.29044,0.280918,0.428642,0.167313,0.428642,音频,-0.026556,0.089455,0.040269,-0.169928,0.572401,0.25767,-0.053454,0.190296,0.096495,-0.157105,0.559291,0.283603
ssqiwP19JhM$_$2,2,0.3333,2,0.090069,0.373621,0.53631,0.431641,0.53631,视觉,0.0576,0.01387,0.112492,0.313107,0.075396,0.611497,0.136364,0.142156,0.21129,0.278402,0.290227,0.431371
szic2IB9HB4$_$5,2,0.3333,2,0.246348,0.335693,0.417958,0.077786,0.417958,文本,0.027228,0.010046,0.024952,0.437566,0.161445,0.400989,0.000877,0.101596,0.010449,0.00777,0.899694,0.092536
tQ-CIfgj-Js$_$3,1,0.0,0,0.382696,0.286988,0.330316,0.002365,0.382696,文本,0.059446,0.001051,0.0,0.982627,0.017373,0.0,0.050914,-0.005064,0.0,0.909535,-0.090465,0.0
tXQpm-nKxNA$_$5,2,1.6667,2,0.002176,0.013071,0.984753,1.622289,0.984753,文本,0.511461,-6.2e-05,0.013126,0.974864,-0.000118,0.025018,1.335757,0.0914,0.343491,0.754389,0.05162,0.193992
tXQpm-nKxNA$_$7,2,1.6667,2,0.011841,0.051067,0.937092,1.085235,0.937092,文本,0.384789,0.009487,0.060313,0.846455,0.02087,0.132676,0.650707,0.202107,0.322928,0.553443,0.171898,0.274659
uacdDoBtT1k$_$0,0,-1.3333,0,0.767243,0.146761,0.085996,-0.727298,0.767243,文本,0.481944,-0.029896,0.028386,0.892115,-0.05534,0.052545,0.631133,-0.043618,0.104934,0.809471,-0.055943,0.134586
uacdDoBtT1k$_$6,0,-0.6667,0,0.754934,0.153182,0.091884,-0.650208,0.754934,文本,0.478666,-0.038087,0.021697,0.88897,-0.070735,0.040295,0.565891,-0.077,0.096775,0.765063,-0.1041,0.130837
unNY4zIk8MM$_$1,2,1.6667,2,0.006455,0.031814,0.961731,1.35955,0.961731,文本,0.584204,0.004873,0.00348,0.985904,0.008224,0.005872,1.212319,0.13666,0.061479,0.859522,0.096891,0.043588
unNY4zIk8MM$_$3,2,0.6667,2,0.039168,0.241765,0.719067,0.544796,0.719067,文本,0.409504,-0.008176,-0.027226,0.920428,-0.018377,-0.061195,0.590657,0.101584,-0.018941,0.830528,0.142838,-0.026634
unNY4zIk8MM$_$5,2,1.0,2,0.021725,0.130852,0.847423,0.906,0.847423,文本,0.391156,-0.006265,0.079643,0.819924,-0.013132,0.166945,0.697068,0.086799,0.208059,0.702742,0.087505,0.209752
unNY4zIk8MM$_$8,1,0.0,2,0.112906,0.364962,0.522133,0.207547,0.522133,文本,0.141168,0.052092,-0.011731,0.688656,0.254119,-0.057225,0.151507,0.135739,-0.007643,0.513777,0.460307,-0.025917
uooIiW6dEyg$_$1,0,-0.3333,0,0.77557,0.122897,0.101533,-0.666045,0.77557,文本,0.548479,-0.068113,0.04959,0.823317,-0.102243,0.074439,0.837733,-0.251489,0.081166,0.715774,-0.214877,0.06935
uooIiW6dEyg$_$5,1,0.0,2,0.042163,0.207571,0.750266,0.651104,0.750266,文本,0.40029,0.046351,-0.05301,0.801139,0.092767,-0.106095,0.555982,0.199865,-0.063713,0.678391,0.243868,-0.077741
v2Rr-EsJda8$_$0,0,-0.3333,1,0.142464,0.475951,0.381586,0.184535,0.475951,视觉,0.043523,0.03665,0.080974,0.270084,0.227434,0.502482,-0.067137,0.319034,0.014691,-0.167481,0.795871,0.036649
v2Rr-EsJda8$_$6,2,0.6667,2,0.080908,0.229411,0.689682,0.523683,0.689682,文本,0.330113,0.021584,-0.036634,0.850082,0.055581,-0.094337,0.41464,0.136905,0.002316,0.748636,0.247183,0.004181
v9gjg7TDlTA$_$0,2,0.3333,0,0.715953,0.192364,0.091683,-0.654067,0.715953,文本,0.33378,-0.055781,0.162849,0.604226,-0.100977,0.294797,0.362048,-0.00052,0.27226,0.570308,-0.00082,0.428872
v9gjg7TDlTA$_$4,0,-0.6667,0,0.731464,0.170274,0.098261,-0.565358,0.731464,文本,0.474676,-0.112947,0.089511,0.701007,-0.166801,0.132191,0.495564,-0.213766,0.1883,0.55208,-0.238144,0.209775
vHzbn_YW76s$_$3,0,-1.0,0,0.602302,0.163505,0.234193,-0.289113,0.602302,文本,0.309213,-0.060671,0.092196,0.669177,-0.1313,0.199523,0.226297,-0.093284,0.16806,0.464065,-0.191296,0.344639
vU0a4F36Ksw$_$13,2,0.6667,2,0.067348,0.2358,0.696852,0.478362,0.696852,文本,0.304445,0.043681,0.016538,0.834864,0.119784,0.045352,0.371028,0.149306,0.081338,0.616661,0.248151,0.135187
vU0a4F36Ksw$_$12,2,0.3333,2,0.022789,0.150819,0.826392,0.706973,0.826392,文本,0.395339,0.069058,0.011589,0.830568,0.145084,0.024348,0.583199,0.260352,0.049641,0.652938,0.291485,0.055577
vU0a4F36Ksw$_$17,2,1.0,2,0.059457,0.335458,0.605086,0.352453,0.605086,文本,0.214772,0.058978,-0.016555,0.739815,0.203158,-0.057027,0.324749,0.162768,-0.006829,0.656927,0.329259,-0.013814
vU0a4F36Ksw$_$0,2,1.3333,2,0.003596,0.041399,0.955005,1.310089,0.955005,文本,0.620273,0.004401,-0.008177,0.980126,0.006954,-0.01292,1.269464,0.161422,-0.01891,0.875616,0.111341,-0.013043
vU0a4F36Ksw$_$3,2,1.0,2,0.005987,0.041993,0.952021,1.244747,0.952021,文本,0.537175,0.029063,-0.004145,0.941779,0.050954,-0.007267,1.180409,0.307673,-0.053391,0.765767,0.199597,-0.034637
vU0a4F36Ksw$_$5,2,1.0,2,0.187159,0.237865,0.574976,0.277404,0.574976,文本,0.218071,0.110694,-0.076457,0.538152,0.273168,-0.18868,0.27411,0.266855,-0.173484,0.383666,0.373511,-0.242822
vU0a4F36Ksw$_$7,2,0.6667,2,0.029235,0.266409,0.704356,0.443546,0.704356,文本,0.457306,-0.022033,-0.09717,0.793233,-0.038219,-0.168548,0.648444,0.128355,-0.211594,0.656059,0.129862,-0.214079
vU0a4F36Ksw$_$20,2,1.6667,1,0.172006,0.468393,0.3596,0.04064,0.468393,视觉,0.03827,0.032118,0.079484,0.255349,0.214305,0.530346,0.034337,0.075745,0.018283,0.267494,0.590074,0.142432
vbr3EA8cJTI$_$0,2,1.3333,2,0.00444,0.029758,0.965801,1.215105,0.965801,文本,0.534486,0.012987,0.006595,0.964657,0.023439,0.011904,1.062642,0.231527,0.065352,0.781629,0.170301,0.04807
vbr3EA8cJTI$_$2,2,1.6667,2,0.131105,0.092398,0.776497,0.513096,0.776497,文本,0.242986,0.151796,0.05468,0.540615,0.337729,0.121656,0.189589,0.376699,0.057413,0.303973,0.603974,0.092053
vbr3EA8cJTI$_$7,1,0.0,2,0.260002,0.196949,0.543049,0.186505,0.543049,音频,0.115385,0.126292,0.004386,0.468925,0.51325,0.017825,0.053476,0.302522,-0.041052,0.134684,0.761924,-0.103392
vbr3EA8cJTI$_$6,2,1.0,2,0.00486,0.032896,0.962244,1.130398,0.962244,文本,0.478907,0.012142,0.020253,0.936641,0.023748,0.039611,0.876331,0.2048,0.176664,0.69672,0.162825,0.140455
wF8980oGklk$_$24,2,0.6667,2,0.05774,0.212868,0.729392,0.562764,0.729392,文本,0.436843,-0.056623,0.025338,0.842019,-0.109142,0.048839,0.604712,-0.042716,0.060951,0.853656,-0.060301,0.086043
wF8980oGklk$_$25,2,1.6667,2,0.005703,0.041354,0.952943,1.152367,0.952943,文本,0.695902,-0.015034,0.0059,0.970796,-0.020973,0.008231,1.33254,-0.095849,0.067413,0.890853,-0.064079,0.045068
wF8980oGklk$_$1,1,0.0,2,0.104978,0.348437,0.546585,0.336702,0.546585,文本,0.134888,0.022583,0.045619,0.664179,0.111198,0.224623,0.155426,0.170155,0.088849,0.375035,0.410577,0.214388
wF8980oGklk$_$0,1,0.0,2,0.076659,0.410894,0.512447,0.349095,0.512447,文本,0.16017,0.015982,-0.058261,0.68328,0.068179,-0.248541,0.24204,0.134002,-0.0283,0.598602,0.331407,-0.069991
wF8980oGklk$_$3,0,-0.3333,1,0.227426,0.499575,0.272999,-0.04026,0.499575,音频,0.083063,0.087956,0.001625,0.481125,0.509463,0.009412,0.03718,-0.095187,0.004577,0.271496,-0.695083,0.033421
wF8980oGklk$_$2,0,-0.3333,0,0.784006,0.145017,0.070977,-0.701131,0.784006,文本,0.518725,-0.062399,0.064751,0.803135,-0.096612,0.100254,0.72736,-0.125652,0.095035,0.767219,-0.132538,0.100243
wF8980oGklk$_$6,1,0.0,2,0.052799,0.206296,0.740905,0.514683,0.740905,文本,0.427714,-0.013341,-0.015992,0.93582,-0.02919,-0.03499,0.487275,0.063963,0.003866,0.877809,0.115227,0.006964
wF8980oGklk$_$17,2,0.6667,2,0.003373,0.019491,0.977136,1.496984,0.977136,文本,0.626079,0.00107,0.001204,0.996382,0.001702,0.001915,1.415688,0.089015,0.078897,0.893968,0.05621,0.049821
wosolsrH3sM$_$6,2,0.3333,2,0.23423,0.126524,0.639246,0.395483,0.639246,文本,0.362818,0.098411,-0.163088,0.581145,0.157629,-0.261226,0.498775,0.274659,-0.333729,0.450498,0.248075,-0.301427
x-zGBp7axao$_$3,2,1.6667,2,0.249031,0.167424,0.583546,0.416441,0.583546,文本,0.199394,0.170061,-0.08026,0.443377,0.378153,-0.178469,0.238702,0.386089,-0.054514,0.351392,0.568359,-0.080249
x2lOwQaAn4g$_$4,1,0.0,2,0.000936,0.008227,0.990837,2.073247,0.990837,文本,0.243414,0.006155,0.01931,0.905291,0.022892,0.071817,1.201492,0.352675,0.616275,0.55357,0.16249,0.28394
xUgAP84vsg4$_$15,2,2.0,2,0.001059,0.011701,0.98724,1.636898,0.98724,文本,0.501072,0.000539,0.013895,0.972001,0.001045,0.026954,1.373358,0.125267,0.329833,0.751102,0.06851,0.180389
xUgAP84vsg4$_$4,2,2.3333,2,0.004724,0.046152,0.949125,1.048567,0.949125,文本,0.415782,0.009139,0.036807,0.90049,0.019793,0.079716,0.754225,0.14026,0.253094,0.657232,0.122222,0.220546
xUgAP84vsg4$_$8,2,1.3333,2,0.031776,0.284035,0.684189,0.407115,0.684189,文本,0.324339,0.004192,-0.025032,0.917346,0.011856,-0.070799,0.377088,0.062196,-0.001177,0.856122,0.141206,-0.002671
xivYoEUQ5sk$_$5,2,2.6667,2,0.006496,0.038484,0.95502,1.209433,0.95502,文本,0.522383,0.009681,0.004857,0.972923,0.018031,0.009046,0.991007,0.221091,0.0597,0.779217,0.173841,0.046942
xivYoEUQ5sk$_$4,2,2.3333,2,0.001817,0.008983,0.9892,1.706518,0.9892,文本,0.551215,0.004244,0.000506,0.991456,0.007633,0.00091,1.521849,0.239322,0.005808,0.861272,0.135441,0.003287
xjsaS-LeZ14$_$20,2,0.3333,2,0.132383,0.412471,0.455146,0.153628,0.455146,文本,0.152447,0.028478,-0.086327,0.570425,0.106557,-0.323018,0.242265,0.149238,-0.130905,0.463747,0.285672,-0.250581
xjsaS-LeZ14$_$14,2,1.0,2,0.036411,0.205158,0.758431,0.562731,0.758431,文本,0.451213,0.032861,-0.076919,0.804311,0.058576,-0.137113,0.594432,0.200932,-0.145105,0.632058,0.213651,-0.15429
xjsaS-LeZ14$_$6,2,2.0,2,0.057314,0.146846,0.79584,0.577138,0.79584,文本,0.429756,0.045836,-0.000439,0.902789,0.096288,-0.000923,0.522945,0.202747,-0.043964,0.679453,0.263425,-0.057122
y8HXGm1-Ecw$_$7,0,-0.6667,0,0.553035,0.172768,0.274198,-0.093903,0.553035,文本,0.316663,-0.112798,0.030542,0.688393,-0.245211,0.066396,0.259177,-0.204694,-0.012416,0.544161,-0.42977,-0.026069
y9FyTEyGy5Y$_$1,2,0.6667,2,0.024312,0.114788,0.8609,0.865448,0.8609,文本,0.352816,0.033564,0.045114,0.817662,0.077786,0.104552,0.508155,0.239383,0.16781,0.555149,0.261521,0.18333
zhE_68GMJIk$_$8,1,0.0,2,0.206139,0.149468,0.644394,0.324812,0.644394,文本,0.335879,-0.012561,-0.004884,0.950626,-0.03555,-0.013824,0.377785,0.090147,-0.049105,0.730673,0.174353,-0.094974
zhE_68GMJIk$_$5,2,1.3333,0,0.596121,0.200003,0.203876,-0.289227,0.596121,文本,0.264268,-0.070534,0.127825,0.571233,-0.152464,0.276304,0.186481,-0.074745,0.170409,0.432033,-0.173168,0.394799
zjYEBwXGD8I$_$13,0,-0.3333,2,0.028573,0.115538,0.855889,0.797202,0.855889,文本,0.534083,0.00621,-0.016023,0.960036,0.011163,-0.028801,0.830496,0.093086,-0.040917,0.861065,0.096512,-0.042423
zjYEBwXGD8I$_$15,2,0.3333,1,0.177727,0.418742,0.403531,0.190353,0.418742,视觉,-0.047106,0.041948,0.130295,-0.214753,0.191239,0.594008,0.067994,0.208237,-0.112998,0.174689,0.534998,-0.290313
zjYEBwXGD8I$_$0,1,0.0,2,0.026554,0.23308,0.740366,0.596024,0.740366,文本,0.24459,0.033176,0.032582,0.788115,0.106901,0.104984,0.242085,0.223536,0.140031,0.39971,0.369083,0.231207
zjYEBwXGD8I$_$2,2,1.0,2,0.030734,0.140382,0.828884,0.696154,0.828884,文本,0.487625,0.005034,0.009444,0.971165,0.010026,0.01881,0.735327,0.088592,0.004083,0.888074,0.106995,0.004931
zjYEBwXGD8I$_$4,1,0.0,2,0.205471,0.312113,0.482415,0.151444,0.482415,文本,0.104937,0.041688,0.0,0.715682,0.284318,0.0,0.075156,0.119628,0.0,0.385843,0.614157,0.0
zjYEBwXGD8I$_$9,2,0.3333,2,0.013327,0.091256,0.895417,0.902875,0.895417,文本,0.535892,-0.00097,0.003671,0.991414,-0.001794,0.006791,0.871296,0.096651,0.011263,0.889795,0.098703,0.011502
zk2jTlAtvSU$_$3,1,0.0,2,0.081815,0.447077,0.471108,0.297792,0.471108,文本,0.142262,-0.02219,0.012503,0.803947,-0.125398,0.070655,0.342123,0.067907,0.032996,0.772242,0.15328,0.074479
